[
  {
    "Agreement Number":920,
    "Sponsor Name":"Wake County Schools",
    "Site Number":302,
    "Site Name":"River Bend Elementary",
    "ADM":523,
    "Reduced Applications":74,
    "Free Applications":248,
    "Needy %":"61.57%",
    "Grade Level":"K  05",
    "FIELD10":""
  },
  {
    "Agreement Number":920,
    "Sponsor Name":"Wake County Schools",
    "Site Number":304,
    "Site Name":"Adams Elementary",
    "ADM":750,
    "Reduced Applications":51,
    "Free Applications":180,
    "Needy %":"30.80%",
    "Grade Level":"K  05",
    "FIELD10":""
  },
  {
    "Agreement Number":920,
    "Sponsor Name":"Wake County Schools",
    "Site Number":308,
    "Site Name":"Apex Elementary",
    "ADM":662,
    "Reduced Applications":34,
    "Free Applications":196,
    "Needy %":"34.74%",
    "Grade Level":"K  05",
    "FIELD10":""
  },
  {
    "Agreement Number":920,
    "Sponsor Name":"Wake County Schools",
    "Site Number":312,
    "Site Name":"Apex Middle",
    "ADM":1070,
    "Reduced Applications":38,
    "Free Applications":171,
    "Needy %":"19.53%",
    "Grade Level":"06  08",
    "FIELD10":""
  },
  {
    "Agreement Number":920,
    "Sponsor Name":"Wake County Schools",
    "Site Number":316,
    "Site Name":"Apex High",
    "ADM":2204,
    "Reduced Applications":43,
    "Free Applications":178,
    "Needy %":"10.03%",
    "Grade Level":"09  12",
    "FIELD10":""
  },
  {
    "Agreement Number":920,
    "Sponsor Name":"Wake County Schools",
    "Site Number":318,
    "Site Name":"Athens Drive High",
    "ADM":1834,
    "Reduced Applications":108,
    "Free Applications":602,
    "Needy %":"38.71%",
    "Grade Level":"09  12",
    "FIELD10":""
  },
  {
    "Agreement Number":920,
    "Sponsor Name":"Wake County Schools",
    "Site Number":320,
    "Site Name":"Aversboro Elementary",
    "ADM":550,
    "Reduced Applications":80,
    "Free Applications":238,
    "Needy %":"57.82%",
    "Grade Level":"K  05",
    "FIELD10":""
  },
  {
    "Agreement Number":920,
    "Sponsor Name":"Wake County Schools",
    "Site Number":324,
    "Site Name":"Longview",
    "ADM":105,
    "Reduced Applications":4,
    "Free Applications":26,
    "Needy %":"28.57%",
    "Grade Level":"06  12",
    "FIELD10":""
  },
  {
    "Agreement Number":920,
    "Sponsor Name":"Wake County Schools",
    "Site Number":326,
    "Site Name":"Baileywick Road Elementary",
    "ADM":575,
    "Reduced Applications":28,
    "Free Applications":147,
    "Needy %":"30.43%",
    "Grade Level":"K  05",
    "FIELD10":""
  },
  {
    "Agreement Number":920,
    "Sponsor Name":"Wake County Schools",
    "Site Number":327,
    "Site Name":"Ballentine Elementary",
    "ADM":755,
    "Reduced Applications":27,
    "Free Applications":139,
    "Needy %":"21.99%",
    "Grade Level":"K  05",
    "FIELD10":""
  },
  {
    "Agreement Number":920,
    "Sponsor Name":"Wake County Schools",
    "Site Number":328,
    "Site Name":"Baucom Elementary",
    "ADM":849,
    "Reduced Applications":37,
    "Free Applications":97,
    "Needy %":"15.78%",
    "Grade Level":"K  05",
    "FIELD10":""
  },
  {
    "Agreement Number":920,
    "Sponsor Name":"Wake County Schools",
    "Site Number":329,
    "Site Name":"Bar Well Road Elementary",
    "ADM":832,
    "Reduced Applications":115,
    "Free Applications":366,
    "Needy %":"57.81%",
    "Grade Level":"K  05",
    "FIELD10":""
  },
  {
    "Agreement Number":920,
    "Sponsor Name":"Wake County Schools",
    "Site Number":334,
    "Site Name":"Brassfield Elementary",
    "ADM":803,
    "Reduced Applications":14,
    "Free Applications":83,
    "Needy %":"12.08%",
    "Grade Level":"PK  05",
    "FIELD10":""
  },
  {
    "Agreement Number":920,
    "Sponsor Name":"Wake County Schools",
    "Site Number":336,
    "Site Name":"Brentwood Elementary",
    "ADM":417,
    "Reduced Applications":56,
    "Free Applications":290,
    "Needy %":"82.97%",
    "Grade Level":"K  05",
    "FIELD10":""
  },
  {
    "Agreement Number":920,
    "Sponsor Name":"Wake County Schools",
    "Site Number":340,
    "Site Name":"Briarcliff Elementary",
    "ADM":571,
    "Reduced Applications":51,
    "Free Applications":285,
    "Needy %":"58.84%",
    "Grade Level":"K  05",
    "FIELD10":""
  },
  {
    "Agreement Number":920,
    "Sponsor Name":"Wake County Schools",
    "Site Number":342,
    "Site Name":"Brier Creek Elementary",
    "ADM":661,
    "Reduced Applications":35,
    "Free Applications":166,
    "Needy %":"30.41%",
    "Grade Level":"K  05",
    "FIELD10":""
  },
  {
    "Agreement Number":920,
    "Sponsor Name":"Wake County Schools",
    "Site Number":344,
    "Site Name":"Brooks Elementary",
    "ADM":606,
    "Reduced Applications":35,
    "Free Applications":166,
    "Needy %":"33.17%",
    "Grade Level":"K  05",
    "FIELD10":""
  },
  {
    "Agreement Number":920,
    "Sponsor Name":"Wake County Schools",
    "Site Number":348,
    "Site Name":"Needham Broughton High",
    "ADM":2111,
    "Reduced Applications":93,
    "Free Applications":501,
    "Needy %":"28.14%",
    "Grade Level":"09  12",
    "FIELD10":""
  },
  {
    "Agreement Number":920,
    "Sponsor Name":"Wake County Schools",
    "Site Number":352,
    "Site Name":"Bugg Elementary",
    "ADM":447,
    "Reduced Applications":58,
    "Free Applications":157,
    "Needy %":"48.10%",
    "Grade Level":"K  05",
    "FIELD10":""
  },
  {
    "Agreement Number":920,
    "Sponsor Name":"Wake County Schools",
    "Site Number":356,
    "Site Name":"Carnage Middle",
    "ADM":1044,
    "Reduced Applications":102,
    "Free Applications":429,
    "Needy %":"50.86%",
    "Grade Level":"06  08",
    "FIELD10":""
  },
  {
    "Agreement Number":920,
    "Sponsor Name":"Wake County Schools",
    "Site Number":358,
    "Site Name":"Carpenter Elementary",
    "ADM":553,
    "Reduced Applications":15,
    "Free Applications":68,
    "Needy %":"15.01%",
    "Grade Level":"K  05",
    "FIELD10":""
  },
  {
    "Agreement Number":920,
    "Sponsor Name":"Wake County Schools",
    "Site Number":360,
    "Site Name":"Carroll Middle",
    "ADM":714,
    "Reduced Applications":58,
    "Free Applications":277,
    "Needy %":"46.92%",
    "Grade Level":"06  08",
    "FIELD10":""
  },
  {
    "Agreement Number":920,
    "Sponsor Name":"Wake County Schools",
    "Site Number":362,
    "Site Name":"Carver Elementary",
    "ADM":537,
    "Reduced Applications":89,
    "Free Applications":299,
    "Needy %":"72.25%",
    "Grade Level":"PK  05",
    "FIELD10":""
  },
  {
    "Agreement Number":920,
    "Sponsor Name":"Wake County Schools",
    "Site Number":364,
    "Site Name":"Cary Elementary",
    "ADM":603,
    "Reduced Applications":39,
    "Free Applications":230,
    "Needy %":"44.61%",
    "Grade Level":"K  05",
    "FIELD10":""
  },
  {
    "Agreement Number":920,
    "Sponsor Name":"Wake County Schools",
    "Site Number":368,
    "Site Name":"Cary High",
    "ADM":1829,
    "Reduced Applications":120,
    "Free Applications":418,
    "Needy %":"29.41%",
    "Grade Level":"09  12",
    "FIELD10":""
  },
  {
    "Agreement Number":920,
    "Sponsor Name":"Wake County Schools",
    "Site Number":369,
    "Site Name":"Cedar Fork Elementary",
    "ADM":781,
    "Reduced Applications":38,
    "Free Applications":76,
    "Needy %":"14.60%",
    "Grade Level":"K  05",
    "FIELD10":""
  },
  {
    "Agreement Number":920,
    "Sponsor Name":"Wake County Schools",
    "Site Number":370,
    "Site Name":"Centennial Campus Middle",
    "ADM":606,
    "Reduced Applications":49,
    "Free Applications":163,
    "Needy %":"34.98%",
    "Grade Level":"06  08",
    "FIELD10":""
  },
  {
    "Agreement Number":920,
    "Sponsor Name":"Wake County Schools",
    "Site Number":376,
    "Site Name":"Combs Elementary",
    "ADM":845,
    "Reduced Applications":63,
    "Free Applications":282,
    "Needy %":"40.83%",
    "Grade Level":"K  05",
    "FIELD10":""
  },
  {
    "Agreement Number":920,
    "Sponsor Name":"Wake County Schools",
    "Site Number":380,
    "Site Name":"Conn Elementary",
    "ADM":620,
    "Reduced Applications":52,
    "Free Applications":255,
    "Needy %":"49.52%",
    "Grade Level":"K  05",
    "FIELD10":""
  },
  {
    "Agreement Number":920,
    "Sponsor Name":"Wake County Schools",
    "Site Number":384,
    "Site Name":"Creech Road Elementary",
    "ADM":725,
    "Reduced Applications":94,
    "Free Applications":414,
    "Needy %":"70.07%",
    "Grade Level":"K  05",
    "FIELD10":""
  },
  {
    "Agreement Number":920,
    "Sponsor Name":"Wake County Schools",
    "Site Number":388,
    "Site Name":"Daniels Middle",
    "ADM":1157,
    "Reduced Applications":64,
    "Free Applications":363,
    "Needy %":"36.91%",
    "Grade Level":"06  08",
    "FIELD10":""
  },
  {
    "Agreement Number":920,
    "Sponsor Name":"Wake County Schools",
    "Site Number":390,
    "Site Name":"Davis Drive Elementary",
    "ADM":1039,
    "Reduced Applications":18,
    "Free Applications":112,
    "Needy %":"12.51%",
    "Grade Level":"K  05",
    "FIELD10":""
  },
  {
    "Agreement Number":920,
    "Sponsor Name":"Wake County Schools",
    "Site Number":391,
    "Site Name":"Davis Drive Middle",
    "ADM":1207,
    "Reduced Applications":34,
    "Free Applications":136,
    "Needy %":"14.08%",
    "Grade Level":"06  08",
    "FIELD10":""
  },
  {
    "Agreement Number":920,
    "Sponsor Name":"Wake County Schools",
    "Site Number":393,
    "Site Name":"Dillard Drive Elementary",
    "ADM":681,
    "Reduced Applications":51,
    "Free Applications":260,
    "Needy %":"45.67%",
    "Grade Level":"K  05",
    "FIELD10":""
  },
  {
    "Agreement Number":920,
    "Sponsor Name":"Wake County Schools",
    "Site Number":394,
    "Site Name":"Dillard Drive Middle",
    "ADM":1170,
    "Reduced Applications":87,
    "Free Applications":443,
    "Needy %":"45.30%",
    "Grade Level":"06  08",
    "FIELD10":""
  },
  {
    "Agreement Number":920,
    "Sponsor Name":"Wake County Schools",
    "Site Number":396,
    "Site Name":"Douglas Elementary",
    "ADM":638,
    "Reduced Applications":49,
    "Free Applications":250,
    "Needy %":"46.87%",
    "Grade Level":"K  05",
    "FIELD10":""
  },
  {
    "Agreement Number":920,
    "Sponsor Name":"Wake County Schools",
    "Site Number":398,
    "Site Name":"Durant Road Elementary",
    "ADM":1093,
    "Reduced Applications":61,
    "Free Applications":270,
    "Needy %":"30.28%",
    "Grade Level":"K  05",
    "FIELD10":""
  },
  {
    "Agreement Number":920,
    "Sponsor Name":"Wake County Schools",
    "Site Number":399,
    "Site Name":"Durant Road Middle",
    "ADM":1121,
    "Reduced Applications":76,
    "Free Applications":268,
    "Needy %":"30.69%",
    "Grade Level":"06  08",
    "FIELD10":""
  },
  {
    "Agreement Number":920,
    "Sponsor Name":"Wake County Schools",
    "Site Number":400,
    "Site Name":"Reedy Creek Middle",
    "ADM":776,
    "Reduced Applications":68,
    "Free Applications":270,
    "Needy %":"43.56%",
    "Grade Level":"06  08",
    "FIELD10":""
  },
  {
    "Agreement Number":920,
    "Sponsor Name":"Wake County Schools",
    "Site Number":402,
    "Site Name":"East Cary Middle",
    "ADM":184,
    "Reduced Applications":0,
    "Free Applications":0,
    "Needy %":"0.00%",
    "Grade Level":"06  08",
    "FIELD10":"*"
  },
  {
    "Agreement Number":920,
    "Sponsor Name":"Wake County Schools",
    "Site Number":403,
    "Site Name":"East Garner Elementary",
    "ADM":527,
    "Reduced Applications":71,
    "Free Applications":261,
    "Needy %":"63.00%",
    "Grade Level":"K  05",
    "FIELD10":""
  },
  {
    "Agreement Number":920,
    "Sponsor Name":"Wake County Schools",
    "Site Number":404,
    "Site Name":"East Garner Middle",
    "ADM":1118,
    "Reduced Applications":145,
    "Free Applications":469,
    "Needy %":"54.92%",
    "Grade Level":"06  08",
    "FIELD10":""
  },
  {
    "Agreement Number":920,
    "Sponsor Name":"Wake County Schools",
    "Site Number":408,
    "Site Name":"East Millbrook Middle",
    "ADM":1103,
    "Reduced Applications":150,
    "Free Applications":428,
    "Needy %":"52.40%",
    "Grade Level":"06  08",
    "FIELD10":""
  },
  {
    "Agreement Number":920,
    "Sponsor Name":"Wake County Schools",
    "Site Number":410,
    "Site Name":"East Wake Middle",
    "ADM":1024,
    "Reduced Applications":80,
    "Free Applications":310,
    "Needy %":"38.09%",
    "Grade Level":"06  08",
    "FIELD10":""
  },
  {
    "Agreement Number":920,
    "Sponsor Name":"Wake County Schools",
    "Site Number":412,
    "Site Name":"William G Enloe High",
    "ADM":2540,
    "Reduced Applications":137,
    "Free Applications":812,
    "Needy %":"37.36%",
    "Grade Level":"09  12",
    "FIELD10":""
  },
  {
    "Agreement Number":920,
    "Sponsor Name":"Wake County Schools",
    "Site Number":413,
    "Site Name":"Forestville Road Elementary",
    "ADM":701,
    "Reduced Applications":72,
    "Free Applications":279,
    "Needy %":"50.07%",
    "Grade Level":"K  05",
    "FIELD10":""
  },
  {
    "Agreement Number":920,
    "Sponsor Name":"Wake County Schools",
    "Site Number":414,
    "Site Name":"Farmington Woods Elementary",
    "ADM":879,
    "Reduced Applications":55,
    "Free Applications":262,
    "Needy %":"36.06%",
    "Grade Level":"K  05",
    "FIELD10":""
  },
  {
    "Agreement Number":920,
    "Sponsor Name":"Wake County Schools",
    "Site Number":415,
    "Site Name":"Fox Road Elementary",
    "ADM":872,
    "Reduced Applications":104,
    "Free Applications":415,
    "Needy %":"59.52%",
    "Grade Level":"K  05",
    "FIELD10":""
  },
  {
    "Agreement Number":920,
    "Sponsor Name":"Wake County Schools",
    "Site Number":416,
    "Site Name":"Fuller Elementary",
    "ADM":553,
    "Reduced Applications":40,
    "Free Applications":181,
    "Needy %":"39.96%",
    "Grade Level":"K  05",
    "FIELD10":""
  },
  {
    "Agreement Number":920,
    "Sponsor Name":"Wake County Schools",
    "Site Number":417,
    "Site Name":"Forest Pines Elementary",
    "ADM":789,
    "Reduced Applications":44,
    "Free Applications":154,
    "Needy %":"25.10%",
    "Grade Level":"K  05",
    "FIELD10":""
  },
  {
    "Agreement Number":920,
    "Sponsor Name":"Wake County Schools",
    "Site Number":420,
    "Site Name":"Fuquay-Varina Elementary",
    "ADM":947,
    "Reduced Applications":87,
    "Free Applications":259,
    "Needy %":"36.54%",
    "Grade Level":"K  05",
    "FIELD10":""
  },
  {
    "Agreement Number":920,
    "Sponsor Name":"Wake County Schools",
    "Site Number":424,
    "Site Name":"Fuquay-Varina Middle",
    "ADM":982,
    "Reduced Applications":91,
    "Free Applications":260,
    "Needy %":"35.74%",
    "Grade Level":"06  08",
    "FIELD10":""
  },
  {
    "Agreement Number":920,
    "Sponsor Name":"Wake County Schools",
    "Site Number":428,
    "Site Name":"Fuquay-Varina High",
    "ADM":1731,
    "Reduced Applications":111,
    "Free Applications":364,
    "Needy %":"27.44%",
    "Grade Level":"09  12",
    "FIELD10":""
  },
  {
    "Agreement Number":920,
    "Sponsor Name":"Wake County Schools",
    "Site Number":436,
    "Site Name":"Garner High",
    "ADM":2163,
    "Reduced Applications":217,
    "Free Applications":821,
    "Needy %":"47.99%",
    "Grade Level":"09  12",
    "FIELD10":""
  },
  {
    "Agreement Number":920,
    "Sponsor Name":"Wake County Schools",
    "Site Number":438,
    "Site Name":"River Oaks Middle",
    "ADM":24,
    "Reduced Applications":0,
    "Free Applications":0,
    "Needy %":"0.00%",
    "Grade Level":"06  08",
    "FIELD10":"*"
  },
  {
    "Agreement Number":920,
    "Sponsor Name":"Wake County Schools",
    "Site Number":439,
    "Site Name":"Green Hope Elementary",
    "ADM":893,
    "Reduced Applications":16,
    "Free Applications":46,
    "Needy %":"6.94%",
    "Grade Level":"K  05",
    "FIELD10":""
  },
  {
    "Agreement Number":920,
    "Sponsor Name":"Wake County Schools",
    "Site Number":440,
    "Site Name":"Green Elementary",
    "ADM":577,
    "Reduced Applications":35,
    "Free Applications":175,
    "Needy %":"36.40%",
    "Grade Level":"K  05",
    "FIELD10":""
  },
  {
    "Agreement Number":920,
    "Sponsor Name":"Wake County Schools",
    "Site Number":441,
    "Site Name":"Green Hope High",
    "ADM":2020,
    "Reduced Applications":37,
    "Free Applications":139,
    "Needy %":"8.71%",
    "Grade Level":"09  12",
    "FIELD10":""
  },
  {
    "Agreement Number":920,
    "Sponsor Name":"Wake County Schools",
    "Site Number":442,
    "Site Name":"Hilburn Drive Elementary",
    "ADM":862,
    "Reduced Applications":61,
    "Free Applications":254,
    "Needy %":"36.54%",
    "Grade Level":"K  05",
    "FIELD10":""
  },
  {
    "Agreement Number":920,
    "Sponsor Name":"Wake County Schools",
    "Site Number":443,
    "Site Name":"Highcroft Elementary",
    "ADM":984,
    "Reduced Applications":18,
    "Free Applications":29,
    "Needy %":"4.78%",
    "Grade Level":"K  05",
    "FIELD10":""
  },
  {
    "Agreement Number":920,
    "Sponsor Name":"Wake County Schools",
    "Site Number":444,
    "Site Name":"Heritage Middle",
    "ADM":1222,
    "Reduced Applications":74,
    "Free Applications":225,
    "Needy %":"24.47%",
    "Grade Level":"06  08",
    "FIELD10":""
  },
  {
    "Agreement Number":920,
    "Sponsor Name":"Wake County Schools",
    "Site Number":446,
    "Site Name":"Hodge Road Elementary",
    "ADM":621,
    "Reduced Applications":56,
    "Free Applications":333,
    "Needy %":"62.64%",
    "Grade Level":"K  05",
    "FIELD10":""
  },
  {
    "Agreement Number":920,
    "Sponsor Name":"Wake County Schools",
    "Site Number":447,
    "Site Name":"Holly Springs Elementary",
    "ADM":793,
    "Reduced Applications":60,
    "Free Applications":125,
    "Needy %":"23.33%",
    "Grade Level":"K  05",
    "FIELD10":""
  },
  {
    "Agreement Number":920,
    "Sponsor Name":"Wake County Schools",
    "Site Number":448,
    "Site Name":"Hunter Elementary",
    "ADM":826,
    "Reduced Applications":29,
    "Free Applications":208,
    "Needy %":"28.69%",
    "Grade Level":"K  05",
    "FIELD10":""
  },
  {
    "Agreement Number":920,
    "Sponsor Name":"Wake County Schools",
    "Site Number":449,
    "Site Name":"Holly Ridge Elementary",
    "ADM":819,
    "Reduced Applications":57,
    "Free Applications":197,
    "Needy %":"31.01%",
    "Grade Level":"K  05",
    "FIELD10":""
  },
  {
    "Agreement Number":920,
    "Sponsor Name":"Wake County Schools",
    "Site Number":450,
    "Site Name":"Holly Ridge Middle",
    "ADM":1232,
    "Reduced Applications":89,
    "Free Applications":234,
    "Needy %":"26.22%",
    "Grade Level":"06  08",
    "FIELD10":""
  },
  {
    "Agreement Number":920,
    "Sponsor Name":"Wake County Schools",
    "Site Number":451,
    "Site Name":"Harris Creek Elementary",
    "ADM":799,
    "Reduced Applications":72,
    "Free Applications":206,
    "Needy %":"34.79%",
    "Grade Level":"K  05",
    "FIELD10":""
  },
  {
    "Agreement Number":920,
    "Sponsor Name":"Wake County Schools",
    "Site Number":452,
    "Site Name":"Jeffreys Grove Elementary",
    "ADM":528,
    "Reduced Applications":46,
    "Free Applications":175,
    "Needy %":"41.86%",
    "Grade Level":"K  05",
    "FIELD10":""
  },
  {
    "Agreement Number":920,
    "Sponsor Name":"Wake County Schools",
    "Site Number":453,
    "Site Name":"Jones Dairy Elementary",
    "ADM":788,
    "Reduced Applications":34,
    "Free Applications":87,
    "Needy %":"15.36%",
    "Grade Level":"K  05",
    "FIELD10":""
  },
  {
    "Agreement Number":920,
    "Sponsor Name":"Wake County Schools",
    "Site Number":454,
    "Site Name":"Heritage Elementary",
    "ADM":756,
    "Reduced Applications":35,
    "Free Applications":184,
    "Needy %":"28.97%",
    "Grade Level":"K  05",
    "FIELD10":""
  },
  {
    "Agreement Number":920,
    "Sponsor Name":"Wake County Schools",
    "Site Number":455,
    "Site Name":"Holly Springs High",
    "ADM":1257,
    "Reduced Applications":69,
    "Free Applications":215,
    "Needy %":"22.59%",
    "Grade Level":"09  12",
    "FIELD10":""
  },
  {
    "Agreement Number":920,
    "Sponsor Name":"Wake County Schools",
    "Site Number":456,
    "Site Name":"Joyner Elementary",
    "ADM":523,
    "Reduced Applications":39,
    "Free Applications":145,
    "Needy %":"35.18%",
    "Grade Level":"K  05",
    "FIELD10":""
  },
  {
    "Agreement Number":920,
    "Sponsor Name":"Wake County Schools",
    "Site Number":457,
    "Site Name":"Holly Grove Elementary",
    "ADM":821,
    "Reduced Applications":34,
    "Free Applications":118,
    "Needy %":"18.51%",
    "Grade Level":"K  05",
    "FIELD10":""
  },
  {
    "Agreement Number":920,
    "Sponsor Name":"Wake County Schools",
    "Site Number":460,
    "Site Name":"Kingswood Elementary",
    "ADM":427,
    "Reduced Applications":47,
    "Free Applications":144,
    "Needy %":"44.73%",
    "Grade Level":"K  05",
    "FIELD10":""
  },
  {
    "Agreement Number":920,
    "Sponsor Name":"Wake County Schools",
    "Site Number":464,
    "Site Name":"Knightdale Elementary",
    "ADM":627,
    "Reduced Applications":92,
    "Free Applications":274,
    "Needy %":"58.37%",
    "Grade Level":"K  05",
    "FIELD10":""
  },
  {
    "Agreement Number":920,
    "Sponsor Name":"Wake County Schools",
    "Site Number":466,
    "Site Name":"Knightdale High",
    "ADM":1712,
    "Reduced Applications":189,
    "Free Applications":563,
    "Needy %":"43.93%",
    "Grade Level":"09  12",
    "FIELD10":""
  },
  {
    "Agreement Number":920,
    "Sponsor Name":"Wake County Schools",
    "Site Number":468,
    "Site Name":"Lacy Elementary",
    "ADM":725,
    "Reduced Applications":21,
    "Free Applications":156,
    "Needy %":"24.41%",
    "Grade Level":"K  05",
    "FIELD10":""
  },
  {
    "Agreement Number":920,
    "Sponsor Name":"Wake County Schools",
    "Site Number":469,
    "Site Name":"Leesville Road Elementary",
    "ADM":843,
    "Reduced Applications":20,
    "Free Applications":84,
    "Needy %":"12.34%",
    "Grade Level":"K  05",
    "FIELD10":""
  },
  {
    "Agreement Number":920,
    "Sponsor Name":"Wake County Schools",
    "Site Number":470,
    "Site Name":"Lead Mine Elementary",
    "ADM":541,
    "Reduced Applications":51,
    "Free Applications":207,
    "Needy %":"47.69%",
    "Grade Level":"K  05",
    "FIELD10":""
  },
  {
    "Agreement Number":920,
    "Sponsor Name":"Wake County Schools",
    "Site Number":471,
    "Site Name":"Leesville Road Middle",
    "ADM":1309,
    "Reduced Applications":70,
    "Free Applications":297,
    "Needy %":"28.04%",
    "Grade Level":"06  08",
    "FIELD10":""
  },
  {
    "Agreement Number":920,
    "Sponsor Name":"Wake County Schools",
    "Site Number":472,
    "Site Name":"Ligon Middle",
    "ADM":1085,
    "Reduced Applications":48,
    "Free Applications":275,
    "Needy %":"29.77%",
    "Grade Level":"06  08",
    "FIELD10":""
  },
  {
    "Agreement Number":920,
    "Sponsor Name":"Wake County Schools",
    "Site Number":473,
    "Site Name":"Leesville Road High",
    "ADM":2413,
    "Reduced Applications":84,
    "Free Applications":340,
    "Needy %":"17.57%",
    "Grade Level":"09  12",
    "FIELD10":""
  },
  {
    "Agreement Number":920,
    "Sponsor Name":"Wake County Schools",
    "Site Number":476,
    "Site Name":"Lincoln Heights Elementary",
    "ADM":672,
    "Reduced Applications":38,
    "Free Applications":173,
    "Needy %":"31.40%",
    "Grade Level":"K  05",
    "FIELD10":""
  },
  {
    "Agreement Number":920,
    "Sponsor Name":"Wake County Schools",
    "Site Number":480,
    "Site Name":"Lockhart Elementary",
    "ADM":725,
    "Reduced Applications":76,
    "Free Applications":238,
    "Needy %":"43.31%",
    "Grade Level":"K  05",
    "FIELD10":""
  },
  {
    "Agreement Number":920,
    "Sponsor Name":"Wake County Schools",
    "Site Number":484,
    "Site Name":"Lufkin Road Middle",
    "ADM":1017,
    "Reduced Applications":44,
    "Free Applications":114,
    "Needy %":"15.54%",
    "Grade Level":"06  08",
    "FIELD10":""
  },
  {
    "Agreement Number":920,
    "Sponsor Name":"Wake County Schools",
    "Site Number":488,
    "Site Name":"Lynn Road Elementary",
    "ADM":473,
    "Reduced Applications":47,
    "Free Applications":192,
    "Needy %":"50.53%",
    "Grade Level":"K  05",
    "FIELD10":""
  },
  {
    "Agreement Number":920,
    "Sponsor Name":"Wake County Schools",
    "Site Number":492,
    "Site Name":"Martin Middle",
    "ADM":1020,
    "Reduced Applications":40,
    "Free Applications":261,
    "Needy %":"29.51%",
    "Grade Level":"06  08",
    "FIELD10":""
  },
  {
    "Agreement Number":920,
    "Sponsor Name":"Wake County Schools",
    "Site Number":494,
    "Site Name":"Middle Creek Elementary",
    "ADM":920,
    "Reduced Applications":37,
    "Free Applications":253,
    "Needy %":"31.52%",
    "Grade Level":"K  05",
    "FIELD10":""
  },
  {
    "Agreement Number":920,
    "Sponsor Name":"Wake County Schools",
    "Site Number":495,
    "Site Name":"Middle Creek High",
    "ADM":1723,
    "Reduced Applications":70,
    "Free Applications":380,
    "Needy %":"26.12%",
    "Grade Level":"09  12",
    "FIELD10":""
  },
  {
    "Agreement Number":920,
    "Sponsor Name":"Wake County Schools",
    "Site Number":496,
    "Site Name":"Millbrook Elementary",
    "ADM":708,
    "Reduced Applications":102,
    "Free Applications":330,
    "Needy %":"61.02%",
    "Grade Level":"K  05",
    "FIELD10":""
  },
  {
    "Agreement Number":920,
    "Sponsor Name":"Wake County Schools",
    "Site Number":500,
    "Site Name":"Millbrook High",
    "ADM":2230,
    "Reduced Applications":162,
    "Free Applications":716,
    "Needy %":"39.37%",
    "Grade Level":"09  12",
    "FIELD10":""
  },
  {
    "Agreement Number":920,
    "Sponsor Name":"Wake County Schools",
    "Site Number":504,
    "Site Name":"Morrisville Elementary",
    "ADM":756,
    "Reduced Applications":18,
    "Free Applications":93,
    "Needy %":"14.68%",
    "Grade Level":"K  05",
    "FIELD10":""
  },
  {
    "Agreement Number":920,
    "Sponsor Name":"Wake County Schools",
    "Site Number":506,
    "Site Name":"Moore Square Museum Magnet Mid",
    "ADM":489,
    "Reduced Applications":55,
    "Free Applications":293,
    "Needy %":"71.17%",
    "Grade Level":"06  08",
    "FIELD10":""
  },
  {
    "Agreement Number":920,
    "Sponsor Name":"Wake County Schools",
    "Site Number":508,
    "Site Name":"Mount Vernon",
    "ADM":98,
    "Reduced Applications":3,
    "Free Applications":14,
    "Needy %":"17.35%",
    "Grade Level":"06  08",
    "FIELD10":""
  },
  {
    "Agreement Number":920,
    "Sponsor Name":"Wake County Schools",
    "Site Number":512,
    "Site Name":"North Garner Middle",
    "ADM":959,
    "Reduced Applications":92,
    "Free Applications":340,
    "Needy %":"45.05%",
    "Grade Level":"06  08",
    "FIELD10":""
  },
  {
    "Agreement Number":920,
    "Sponsor Name":"Wake County Schools",
    "Site Number":514,
    "Site Name":"North Forest Pines Elementary",
    "ADM":570,
    "Reduced Applications":21,
    "Free Applications":119,
    "Needy %":"24.56%",
    "Grade Level":"K  05",
    "FIELD10":""
  },
  {
    "Agreement Number":920,
    "Sponsor Name":"Wake County Schools",
    "Site Number":516,
    "Site Name":"North Ridge Elementary",
    "ADM":884,
    "Reduced Applications":78,
    "Free Applications":286,
    "Needy %":"41.18%",
    "Grade Level":"K  05",
    "FIELD10":""
  },
  {
    "Agreement Number":920,
    "Sponsor Name":"Wake County Schools",
    "Site Number":520,
    "Site Name":"Northwoods Elementary",
    "ADM":611,
    "Reduced Applications":50,
    "Free Applications":159,
    "Needy %":"34.21%",
    "Grade Level":"K  05",
    "FIELD10":""
  },
  {
    "Agreement Number":920,
    "Sponsor Name":"Wake County Schools",
    "Site Number":522,
    "Site Name":"Oak Grove Elementary",
    "ADM":850,
    "Reduced Applications":17,
    "Free Applications":74,
    "Needy %":"10.71%",
    "Grade Level":"K  05",
    "FIELD10":""
  },
  {
    "Agreement Number":920,
    "Sponsor Name":"Wake County Schools",
    "Site Number":523,
    "Site Name":"Olive Chapel Elementary",
    "ADM":926,
    "Reduced Applications":14,
    "Free Applications":41,
    "Needy %":"5.94%",
    "Grade Level":"K  05",
    "FIELD10":""
  },
  {
    "Agreement Number":920,
    "Sponsor Name":"Wake County Schools",
    "Site Number":524,
    "Site Name":"Olds Elementary",
    "ADM":376,
    "Reduced Applications":13,
    "Free Applications":105,
    "Needy %":"31.38%",
    "Grade Level":"K  05",
    "FIELD10":""
  },
  {
    "Agreement Number":920,
    "Sponsor Name":"Wake County Schools",
    "Site Number":525,
    "Site Name":"Partnership Elementary",
    "ADM":330,
    "Reduced Applications":32,
    "Free Applications":96,
    "Needy %":"38.79%",
    "Grade Level":"K  05",
    "FIELD10":""
  },
  {
    "Agreement Number":920,
    "Sponsor Name":"Wake County Schools",
    "Site Number":526,
    "Site Name":"Panther Creek High",
    "ADM":1499,
    "Reduced Applications":47,
    "Free Applications":156,
    "Needy %":"13.54%",
    "Grade Level":"09  12",
    "FIELD10":""
  },
  {
    "Agreement Number":920,
    "Sponsor Name":"Wake County Schools",
    "Site Number":528,
    "Site Name":"Phillips High",
    "ADM":143,
    "Reduced Applications":6,
    "Free Applications":35,
    "Needy %":"28.67%",
    "Grade Level":"09  12",
    "FIELD10":""
  },
  {
    "Agreement Number":920,
    "Sponsor Name":"Wake County Schools",
    "Site Number":530,
    "Site Name":"Penny Road Elementary",
    "ADM":832,
    "Reduced Applications":46,
    "Free Applications":209,
    "Needy %":"30.65%",
    "Grade Level":"K  05",
    "FIELD10":""
  },
  {
    "Agreement Number":920,
    "Sponsor Name":"Wake County Schools",
    "Site Number":531,
    "Site Name":"Pleasant Union Elementary",
    "ADM":663,
    "Reduced Applications":13,
    "Free Applications":56,
    "Needy %":"10.41%",
    "Grade Level":"K  05",
    "FIELD10":""
  },
  {
    "Agreement Number":920,
    "Sponsor Name":"Wake County Schools",
    "Site Number":532,
    "Site Name":"Poe Elementary",
    "ADM":349,
    "Reduced Applications":20,
    "Free Applications":166,
    "Needy %":"53.30%",
    "Grade Level":"PK  05",
    "FIELD10":""
  },
  {
    "Agreement Number":920,
    "Sponsor Name":"Wake County Schools",
    "Site Number":536,
    "Site Name":"Powell Elementary",
    "ADM":484,
    "Reduced Applications":44,
    "Free Applications":258,
    "Needy %":"62.40%",
    "Grade Level":"K  05",
    "FIELD10":""
  },
  {
    "Agreement Number":920,
    "Sponsor Name":"Wake County Schools",
    "Site Number":540,
    "Site Name":"Rand Road Elementary",
    "ADM":679,
    "Reduced Applications":56,
    "Free Applications":126,
    "Needy %":"26.80%",
    "Grade Level":"K  05",
    "FIELD10":""
  },
  {
    "Agreement Number":920,
    "Sponsor Name":"Wake County Schools",
    "Site Number":542,
    "Site Name":"Reedy Creek Elementary",
    "ADM":695,
    "Reduced Applications":53,
    "Free Applications":251,
    "Needy %":"43.74%",
    "Grade Level":"K  05",
    "FIELD10":""
  },
  {
    "Agreement Number":920,
    "Sponsor Name":"Wake County Schools",
    "Site Number":544,
    "Site Name":"Rolesville Elementary",
    "ADM":654,
    "Reduced Applications":44,
    "Free Applications":216,
    "Needy %":"39.76%",
    "Grade Level":"PK  05",
    "FIELD10":""
  },
  {
    "Agreement Number":920,
    "Sponsor Name":"Wake County Schools",
    "Site Number":548,
    "Site Name":"Root Elementary",
    "ADM":467,
    "Reduced Applications":20,
    "Free Applications":122,
    "Needy %":"30.41%",
    "Grade Level":"K  05",
    "FIELD10":""
  },
  {
    "Agreement Number":920,
    "Sponsor Name":"Wake County Schools",
    "Site Number":550,
    "Site Name":"Salem Elementary",
    "ADM":933,
    "Reduced Applications":16,
    "Free Applications":113,
    "Needy %":"13.83%",
    "Grade Level":"K  05",
    "FIELD10":""
  },
  {
    "Agreement Number":920,
    "Sponsor Name":"Wake County Schools",
    "Site Number":551,
    "Site Name":"Salem Middle",
    "ADM":1122,
    "Reduced Applications":27,
    "Free Applications":53,
    "Needy %":"7.13%",
    "Grade Level":"06  08",
    "FIELD10":""
  },
  {
    "Agreement Number":920,
    "Sponsor Name":"Wake County Schools",
    "Site Number":552,
    "Site Name":"Sanderson High",
    "ADM":1773,
    "Reduced Applications":97,
    "Free Applications":483,
    "Needy %":"32.71%",
    "Grade Level":"09  12",
    "FIELD10":""
  },
  {
    "Agreement Number":920,
    "Sponsor Name":"Wake County Schools",
    "Site Number":554,
    "Site Name":"Sanford Creek Elementary",
    "ADM":502,
    "Reduced Applications":31,
    "Free Applications":121,
    "Needy %":"30.28%",
    "Grade Level":"K  05",
    "FIELD10":""
  },
  {
    "Agreement Number":920,
    "Sponsor Name":"Wake County Schools",
    "Site Number":560,
    "Site Name":"Smith Elementary",
    "ADM":466,
    "Reduced Applications":87,
    "Free Applications":379,
    "Needy %":"100.00%",
    "Grade Level":"K  05",
    "FIELD10":""
  },
  {
    "Agreement Number":920,
    "Sponsor Name":"Wake County Schools",
    "Site Number":562,
    "Site Name":"Southeast Raleigh High",
    "ADM":1818,
    "Reduced Applications":171,
    "Free Applications":519,
    "Needy %":"37.95%",
    "Grade Level":"09  12",
    "FIELD10":""
  },
  {
    "Agreement Number":920,
    "Sponsor Name":"Wake County Schools",
    "Site Number":564,
    "Site Name":"Stough Elementary",
    "ADM":570,
    "Reduced Applications":65,
    "Free Applications":246,
    "Needy %":"54.56%",
    "Grade Level":"K  05",
    "FIELD10":""
  },
  {
    "Agreement Number":920,
    "Sponsor Name":"Wake County Schools",
    "Site Number":568,
    "Site Name":"Swift Creek Elementary",
    "ADM":586,
    "Reduced Applications":33,
    "Free Applications":180,
    "Needy %":"36.35%",
    "Grade Level":"K  05",
    "FIELD10":""
  },
  {
    "Agreement Number":920,
    "Sponsor Name":"Wake County Schools",
    "Site Number":570,
    "Site Name":"Timber Drive Elementary",
    "ADM":888,
    "Reduced Applications":59,
    "Free Applications":281,
    "Needy %":"38.29%",
    "Grade Level":"K  05",
    "FIELD10":""
  },
  {
    "Agreement Number":920,
    "Sponsor Name":"Wake County Schools",
    "Site Number":571,
    "Site Name":"Turner Creek Elementary",
    "ADM":852,
    "Reduced Applications":24,
    "Free Applications":57,
    "Needy %":"9.51%",
    "Grade Level":"K  05",
    "FIELD10":""
  },
  {
    "Agreement Number":920,
    "Sponsor Name":"Wake County Schools",
    "Site Number":572,
    "Site Name":"Underwood Elementary",
    "ADM":530,
    "Reduced Applications":18,
    "Free Applications":148,
    "Needy %":"31.32%",
    "Grade Level":"K  05",
    "FIELD10":""
  },
  {
    "Agreement Number":920,
    "Sponsor Name":"Wake County Schools",
    "Site Number":576,
    "Site Name":"Vance Elementary",
    "ADM":483,
    "Reduced Applications":30,
    "Free Applications":84,
    "Needy %":"23.60%",
    "Grade Level":"K  05",
    "FIELD10":""
  },
  {
    "Agreement Number":920,
    "Sponsor Name":"Wake County Schools",
    "Site Number":580,
    "Site Name":"Vandora Springs Elementary",
    "ADM":550,
    "Reduced Applications":54,
    "Free Applications":275,
    "Needy %":"59.82%",
    "Grade Level":"K  05",
    "FIELD10":""
  },
  {
    "Agreement Number":920,
    "Sponsor Name":"Wake County Schools",
    "Site Number":583,
    "Site Name":"Wake Early Coll Heal",
    "ADM":156,
    "Reduced Applications":0,
    "Free Applications":0,
    "Needy %":"0.00%",
    "Grade Level":"09  09",
    "FIELD10":"*"
  },
  {
    "Agreement Number":920,
    "Sponsor Name":"Wake County Schools",
    "Site Number":584,
    "Site Name":"Wake Forest Elementary",
    "ADM":696,
    "Reduced Applications":38,
    "Free Applications":162,
    "Needy %":"28.74%",
    "Grade Level":"K  05",
    "FIELD10":""
  },
  {
    "Agreement Number":920,
    "Sponsor Name":"Wake County Schools",
    "Site Number":588,
    "Site Name":"Wake Forest-Rolesville High",
    "ADM":1837,
    "Reduced Applications":68,
    "Free Applications":269,
    "Needy %":"18.35%",
    "Grade Level":"09  12",
    "FIELD10":""
  },
  {
    "Agreement Number":920,
    "Sponsor Name":"Wake County Schools",
    "Site Number":592,
    "Site Name":"Wake Forest-Rolesville Mid",
    "ADM":1146,
    "Reduced Applications":89,
    "Free Applications":313,
    "Needy %":"35.08%",
    "Grade Level":"06  08",
    "FIELD10":""
  },
  {
    "Agreement Number":920,
    "Sponsor Name":"Wake County Schools",
    "Site Number":593,
    "Site Name":"Wakefield Elementary",
    "ADM":903,
    "Reduced Applications":35,
    "Free Applications":195,
    "Needy %":"25.47%",
    "Grade Level":"K  05",
    "FIELD10":""
  },
  {
    "Agreement Number":920,
    "Sponsor Name":"Wake County Schools",
    "Site Number":594,
    "Site Name":"Wakefield Middle",
    "ADM":1347,
    "Reduced Applications":52,
    "Free Applications":204,
    "Needy %":"19.01%",
    "Grade Level":"06  08",
    "FIELD10":""
  },
  {
    "Agreement Number":920,
    "Sponsor Name":"Wake County Schools",
    "Site Number":595,
    "Site Name":"Wakefield High",
    "ADM":2573,
    "Reduced Applications":114,
    "Free Applications":414,
    "Needy %":"20.52%",
    "Grade Level":"09  12",
    "FIELD10":""
  },
  {
    "Agreement Number":920,
    "Sponsor Name":"Wake County Schools",
    "Site Number":596,
    "Site Name":"Washington Elementary",
    "ADM":570,
    "Reduced Applications":25,
    "Free Applications":189,
    "Needy %":"37.54%",
    "Grade Level":"K  05",
    "FIELD10":""
  },
  {
    "Agreement Number":920,
    "Sponsor Name":"Wake County Schools",
    "Site Number":597,
    "Site Name":"Wakelon Elementary",
    "ADM":623,
    "Reduced Applications":63,
    "Free Applications":385,
    "Needy %":"71.91%",
    "Grade Level":"K  05",
    "FIELD10":""
  },
  {
    "Agreement Number":920,
    "Sponsor Name":"Wake County Schools",
    "Site Number":598,
    "Site Name":"Weatherstone Elementary",
    "ADM":910,
    "Reduced Applications":32,
    "Free Applications":208,
    "Needy %":"26.37%",
    "Grade Level":"K  05",
    "FIELD10":""
  },
  {
    "Agreement Number":920,
    "Sponsor Name":"Wake County Schools",
    "Site Number":600,
    "Site Name":"Wendell Elementary",
    "ADM":536,
    "Reduced Applications":58,
    "Free Applications":211,
    "Needy %":"50.19%",
    "Grade Level":"K  05",
    "FIELD10":""
  },
  {
    "Agreement Number":920,
    "Sponsor Name":"Wake County Schools",
    "Site Number":601,
    "Site Name":"Wendell Middle",
    "ADM":231,
    "Reduced Applications":26,
    "Free Applications":100,
    "Needy %":"54.55%",
    "Grade Level":"06  08",
    "FIELD10":""
  },
  {
    "Agreement Number":920,
    "Sponsor Name":"Wake County Schools",
    "Site Number":604,
    "Site Name":"West Cary Middle",
    "ADM":1142,
    "Reduced Applications":55,
    "Free Applications":219,
    "Needy %":"23.99%",
    "Grade Level":"06  08",
    "FIELD10":""
  },
  {
    "Agreement Number":920,
    "Sponsor Name":"Wake County Schools",
    "Site Number":606,
    "Site Name":"West Lake Elementary",
    "ADM":1036,
    "Reduced Applications":47,
    "Free Applications":225,
    "Needy %":"26.25%",
    "Grade Level":"K  05",
    "FIELD10":""
  },
  {
    "Agreement Number":920,
    "Sponsor Name":"Wake County Schools",
    "Site Number":607,
    "Site Name":"West Lake Middle",
    "ADM":1366,
    "Reduced Applications":63,
    "Free Applications":227,
    "Needy %":"21.23%",
    "Grade Level":"06  08",
    "FIELD10":""
  },
  {
    "Agreement Number":920,
    "Sponsor Name":"Wake County Schools",
    "Site Number":608,
    "Site Name":"West Millbrook Middle",
    "ADM":967,
    "Reduced Applications":78,
    "Free Applications":372,
    "Needy %":"46.54%",
    "Grade Level":"06  08",
    "FIELD10":""
  },
  {
    "Agreement Number":920,
    "Sponsor Name":"Wake County Schools",
    "Site Number":616,
    "Site Name":"Wilburn Elementary",
    "ADM":694,
    "Reduced Applications":83,
    "Free Applications":292,
    "Needy %":"54.03%",
    "Grade Level":"K  05",
    "FIELD10":""
  },
  {
    "Agreement Number":920,
    "Sponsor Name":"Wake County Schools",
    "Site Number":618,
    "Site Name":"Wildwood Forest Elementary",
    "ADM":1023,
    "Reduced Applications":97,
    "Free Applications":346,
    "Needy %":"43.30%",
    "Grade Level":"K  05",
    "FIELD10":""
  },
  {
    "Agreement Number":920,
    "Sponsor Name":"Wake County Schools",
    "Site Number":620,
    "Site Name":"Wiley Elementary",
    "ADM":391,
    "Reduced Applications":38,
    "Free Applications":112,
    "Needy %":"38.36%",
    "Grade Level":"K  05",
    "FIELD10":""
  },
  {
    "Agreement Number":920,
    "Sponsor Name":"Wake County Schools",
    "Site Number":624,
    "Site Name":"Willow Springs Elementary",
    "ADM":898,
    "Reduced Applications":89,
    "Free Applications":248,
    "Needy %":"37.53%",
    "Grade Level":"K  05",
    "FIELD10":""
  },
  {
    "Agreement Number":920,
    "Sponsor Name":"Wake County Schools",
    "Site Number":626,
    "Site Name":"Yates Mill Elementary",
    "ADM":549,
    "Reduced Applications":63,
    "Free Applications":279,
    "Needy %":"62.30%",
    "Grade Level":"K  05",
    "FIELD10":""
  },
  {
    "Agreement Number":920,
    "Sponsor Name":"Wake County Schools",
    "Site Number":628,
    "Site Name":"York Elementary",
    "ADM":582,
    "Reduced Applications":63,
    "Free Applications":261,
    "Needy %":"55.67%",
    "Grade Level":"K  05",
    "FIELD10":""
  },
  {
    "Agreement Number":920,
    "Sponsor Name":"Wake County Schools",
    "Site Number":632,
    "Site Name":"Zebulon Elementary",
    "ADM":536,
    "Reduced Applications":59,
    "Free Applications":288,
    "Needy %":"64.74%",
    "Grade Level":"K  05",
    "FIELD10":""
  },
  {
    "Agreement Number":920,
    "Sponsor Name":"Wake County Schools",
    "Site Number":636,
    "Site Name":"Zebulon Middle",
    "ADM":926,
    "Reduced Applications":117,
    "Free Applications":466,
    "Needy %":"62.96%",
    "Grade Level":"06  08",
    "FIELD10":""
  },
  {
    "Agreement Number":920,
    "Sponsor Name":"Wake County Schools",
    "Site Number":700,
    "Site Name":"East Wake Health Sci",
    "ADM":405,
    "Reduced Applications":0,
    "Free Applications":0,
    "Needy %":"0.00%",
    "Grade Level":"09  12",
    "FIELD10":"*"
  },
  {
    "Agreement Number":920,
    "Sponsor Name":"Wake County Schools",
    "Site Number":701,
    "Site Name":"East Wake Integ Tech ",
    "ADM":348,
    "Reduced Applications":0,
    "Free Applications":0,
    "Needy %":"0.00%",
    "Grade Level":"09  11",
    "FIELD10":"*"
  },
  {
    "Agreement Number":920,
    "Sponsor Name":"Wake County Schools",
    "Site Number":702,
    "Site Name":"East Wake Arts, Ed & ",
    "ADM":393,
    "Reduced Applications":0,
    "Free Applications":0,
    "Needy %":"0.00%",
    "Grade Level":"09  12",
    "FIELD10":"*"
  },
  {
    "Agreement Number":920,
    "Sponsor Name":"Wake County Schools",
    "Site Number":703,
    "Site Name":"East Wake Engineerin",
    "ADM":352,
    "Reduced Applications":0,
    "Free Applications":0,
    "Needy %":"0.00%",
    "Grade Level":"09  12",
    "FIELD10":"*"
  },
  {
    "Agreement Number":null,
    "Sponsor Name":"",
    "Site Number":null,
    "Site Name":"Sponsor Totals:",
    "ADM":133215,
    "Reduced Applications":8771,
    "Free Applications":35622,
    "Needy %":"33.32%",
    "Grade Level":"",
    "FIELD10":""
  }
]