[
  {
    "Agreement Number":920,
    "Sponsor Name":"Wake County Schools",
    "Site Number":302,
    "Site Name":"River Bend Elementary",
    "ADM":530,
    "Reduced Applications":83,
    "Free Applications":248,
    "Needy %":"62.45%",
    "Grade Level":"OK  05",
    "FIELD10":""
  },
  {
    "Agreement Number":920,
    "Sponsor Name":"Wake County Schools",
    "Site Number":304,
    "Site Name":"Adams Elementary",
    "ADM":672,
    "Reduced Applications":37,
    "Free Applications":128,
    "Needy %":"24.55%",
    "Grade Level":"OK  05",
    "FIELD10":""
  },
  {
    "Agreement Number":920,
    "Sponsor Name":"Wake County Schools",
    "Site Number":308,
    "Site Name":"Apex Elementary",
    "ADM":700,
    "Reduced Applications":46,
    "Free Applications":195,
    "Needy %":"34.43%",
    "Grade Level":"OK  05",
    "FIELD10":""
  },
  {
    "Agreement Number":920,
    "Sponsor Name":"Wake County Schools",
    "Site Number":312,
    "Site Name":"Apex Middle",
    "ADM":1016,
    "Reduced Applications":38,
    "Free Applications":163,
    "Needy %":"19.78%",
    "Grade Level":"06  08",
    "FIELD10":""
  },
  {
    "Agreement Number":920,
    "Sponsor Name":"Wake County Schools",
    "Site Number":316,
    "Site Name":"Apex High",
    "ADM":2163,
    "Reduced Applications":45,
    "Free Applications":166,
    "Needy %":"9.75%",
    "Grade Level":"09  12",
    "FIELD10":""
  },
  {
    "Agreement Number":920,
    "Sponsor Name":"Wake County Schools",
    "Site Number":318,
    "Site Name":"Athens Drive High",
    "ADM":1750,
    "Reduced Applications":86,
    "Free Applications":477,
    "Needy %":"32.17%",
    "Grade Level":"09  12",
    "FIELD10":""
  },
  {
    "Agreement Number":920,
    "Sponsor Name":"Wake County Schools",
    "Site Number":320,
    "Site Name":"Aversboro Elementary",
    "ADM":585,
    "Reduced Applications":70,
    "Free Applications":282,
    "Needy %":"60.17%",
    "Grade Level":"OK  05",
    "FIELD10":""
  },
  {
    "Agreement Number":920,
    "Sponsor Name":"Wake County Schools",
    "Site Number":324,
    "Site Name":"Longview",
    "ADM":98,
    "Reduced Applications":5,
    "Free Applications":21,
    "Needy %":"26.53%",
    "Grade Level":"06  12",
    "FIELD10":""
  },
  {
    "Agreement Number":920,
    "Sponsor Name":"Wake County Schools",
    "Site Number":326,
    "Site Name":"Baileywick Road Elementary",
    "ADM":514,
    "Reduced Applications":26,
    "Free Applications":177,
    "Needy %":"39.49%",
    "Grade Level":"OK  05",
    "FIELD10":""
  },
  {
    "Agreement Number":920,
    "Sponsor Name":"Wake County Schools",
    "Site Number":327,
    "Site Name":"Ballentine Elementary",
    "ADM":791,
    "Reduced Applications":24,
    "Free Applications":157,
    "Needy %":"22.88%",
    "Grade Level":"OK  05",
    "FIELD10":""
  },
  {
    "Agreement Number":920,
    "Sponsor Name":"Wake County Schools",
    "Site Number":328,
    "Site Name":"Baucom Elementary",
    "ADM":673,
    "Reduced Applications":27,
    "Free Applications":67,
    "Needy %":"13.97%",
    "Grade Level":"OK  05",
    "FIELD10":""
  },
  {
    "Agreement Number":920,
    "Sponsor Name":"Wake County Schools",
    "Site Number":329,
    "Site Name":"Bar Well Road Elementary",
    "ADM":835,
    "Reduced Applications":148,
    "Free Applications":401,
    "Needy %":"65.75%",
    "Grade Level":"OK  05",
    "FIELD10":""
  },
  {
    "Agreement Number":920,
    "Sponsor Name":"Wake County Schools",
    "Site Number":334,
    "Site Name":"Brassfield Elementary",
    "ADM":779,
    "Reduced Applications":17,
    "Free Applications":98,
    "Needy %":"14.76%",
    "Grade Level":"OK  05",
    "FIELD10":""
  },
  {
    "Agreement Number":920,
    "Sponsor Name":"Wake County Schools",
    "Site Number":336,
    "Site Name":"Brentwood Elementary",
    "ADM":404,
    "Reduced Applications":61,
    "Free Applications":291,
    "Needy %":"87.13%",
    "Grade Level":"OK  05",
    "FIELD10":""
  },
  {
    "Agreement Number":920,
    "Sponsor Name":"Wake County Schools",
    "Site Number":340,
    "Site Name":"Briarcliff Elementary",
    "ADM":549,
    "Reduced Applications":27,
    "Free Applications":200,
    "Needy %":"41.35%",
    "Grade Level":"OK  05",
    "FIELD10":""
  },
  {
    "Agreement Number":920,
    "Sponsor Name":"Wake County Schools",
    "Site Number":342,
    "Site Name":"Brier Creek Elementary",
    "ADM":668,
    "Reduced Applications":21,
    "Free Applications":122,
    "Needy %":"21.41%",
    "Grade Level":"OK  05",
    "FIELD10":""
  },
  {
    "Agreement Number":920,
    "Sponsor Name":"Wake County Schools",
    "Site Number":344,
    "Site Name":"Brooks Elementary",
    "ADM":500,
    "Reduced Applications":37,
    "Free Applications":123,
    "Needy %":"32.00%",
    "Grade Level":"OK  05",
    "FIELD10":""
  },
  {
    "Agreement Number":920,
    "Sponsor Name":"Wake County Schools",
    "Site Number":348,
    "Site Name":"Needham Broughton High",
    "ADM":2193,
    "Reduced Applications":94,
    "Free Applications":478,
    "Needy %":"26.08%",
    "Grade Level":"09  12",
    "FIELD10":""
  },
  {
    "Agreement Number":920,
    "Sponsor Name":"Wake County Schools",
    "Site Number":352,
    "Site Name":"Bugg Elementary",
    "ADM":423,
    "Reduced Applications":51,
    "Free Applications":186,
    "Needy %":"56.03%",
    "Grade Level":"OK  05",
    "FIELD10":""
  },
  {
    "Agreement Number":920,
    "Sponsor Name":"Wake County Schools",
    "Site Number":356,
    "Site Name":"Carnage Middle",
    "ADM":1083,
    "Reduced Applications":105,
    "Free Applications":475,
    "Needy %":"53.55%",
    "Grade Level":"06  08",
    "FIELD10":""
  },
  {
    "Agreement Number":920,
    "Sponsor Name":"Wake County Schools",
    "Site Number":358,
    "Site Name":"Carpenter Elementary",
    "ADM":691,
    "Reduced Applications":23,
    "Free Applications":106,
    "Needy %":"18.67%",
    "Grade Level":"OK  05",
    "FIELD10":""
  },
  {
    "Agreement Number":920,
    "Sponsor Name":"Wake County Schools",
    "Site Number":360,
    "Site Name":"Carroll Middle",
    "ADM":785,
    "Reduced Applications":84,
    "Free Applications":332,
    "Needy %":"52.99%",
    "Grade Level":"06  08",
    "FIELD10":""
  },
  {
    "Agreement Number":920,
    "Sponsor Name":"Wake County Schools",
    "Site Number":362,
    "Site Name":"Carver Elementary",
    "ADM":552,
    "Reduced Applications":77,
    "Free Applications":305,
    "Needy %":"69.20%",
    "Grade Level":"OK  05",
    "FIELD10":""
  },
  {
    "Agreement Number":920,
    "Sponsor Name":"Wake County Schools",
    "Site Number":364,
    "Site Name":"Cary Elementary",
    "ADM":513,
    "Reduced Applications":35,
    "Free Applications":148,
    "Needy %":"35.67%",
    "Grade Level":"OK  05",
    "FIELD10":""
  },
  {
    "Agreement Number":920,
    "Sponsor Name":"Wake County Schools",
    "Site Number":368,
    "Site Name":"Cary High",
    "ADM":1697,
    "Reduced Applications":128,
    "Free Applications":353,
    "Needy %":"28.34%",
    "Grade Level":"09  12",
    "FIELD10":""
  },
  {
    "Agreement Number":920,
    "Sponsor Name":"Wake County Schools",
    "Site Number":369,
    "Site Name":"Cedar Fork Elementary",
    "ADM":809,
    "Reduced Applications":32,
    "Free Applications":78,
    "Needy %":"13.60%",
    "Grade Level":"OK  05",
    "FIELD10":""
  },
  {
    "Agreement Number":920,
    "Sponsor Name":"Wake County Schools",
    "Site Number":370,
    "Site Name":"Centennial Campus Middle",
    "ADM":603,
    "Reduced Applications":37,
    "Free Applications":177,
    "Needy %":"35.49%",
    "Grade Level":"06  08",
    "FIELD10":""
  },
  {
    "Agreement Number":920,
    "Sponsor Name":"Wake County Schools",
    "Site Number":376,
    "Site Name":"Combs Elementary",
    "ADM":828,
    "Reduced Applications":46,
    "Free Applications":249,
    "Needy %":"35.63%",
    "Grade Level":"OK  05",
    "FIELD10":""
  },
  {
    "Agreement Number":920,
    "Sponsor Name":"Wake County Schools",
    "Site Number":380,
    "Site Name":"Conn Elementary",
    "ADM":601,
    "Reduced Applications":51,
    "Free Applications":252,
    "Needy %":"50.42%",
    "Grade Level":"OK  05",
    "FIELD10":""
  },
  {
    "Agreement Number":920,
    "Sponsor Name":"Wake County Schools",
    "Site Number":384,
    "Site Name":"Creech Road Elementary",
    "ADM":582,
    "Reduced Applications":72,
    "Free Applications":339,
    "Needy %":"70.62%",
    "Grade Level":"OK  05",
    "FIELD10":""
  },
  {
    "Agreement Number":920,
    "Sponsor Name":"Wake County Schools",
    "Site Number":388,
    "Site Name":"Daniels Middle",
    "ADM":1230,
    "Reduced Applications":61,
    "Free Applications":353,
    "Needy %":"33.66%",
    "Grade Level":"06  08",
    "FIELD10":""
  },
  {
    "Agreement Number":920,
    "Sponsor Name":"Wake County Schools",
    "Site Number":390,
    "Site Name":"Davis Drive Elementary",
    "ADM":977,
    "Reduced Applications":30,
    "Free Applications":146,
    "Needy %":"18.01%",
    "Grade Level":"OK  05",
    "FIELD10":""
  },
  {
    "Agreement Number":920,
    "Sponsor Name":"Wake County Schools",
    "Site Number":391,
    "Site Name":"Davis Drive Middle",
    "ADM":1217,
    "Reduced Applications":26,
    "Free Applications":111,
    "Needy %":"11.26%",
    "Grade Level":"06  08",
    "FIELD10":""
  },
  {
    "Agreement Number":920,
    "Sponsor Name":"Wake County Schools",
    "Site Number":393,
    "Site Name":"Dillard Drive Elementary",
    "ADM":643,
    "Reduced Applications":59,
    "Free Applications":302,
    "Needy %":"56.14%",
    "Grade Level":"OK  05",
    "FIELD10":""
  },
  {
    "Agreement Number":920,
    "Sponsor Name":"Wake County Schools",
    "Site Number":394,
    "Site Name":"Dillard Drive Middle",
    "ADM":1155,
    "Reduced Applications":102,
    "Free Applications":581,
    "Needy %":"59.13%",
    "Grade Level":"06  08",
    "FIELD10":""
  },
  {
    "Agreement Number":920,
    "Sponsor Name":"Wake County Schools",
    "Site Number":396,
    "Site Name":"Douglas Elementary",
    "ADM":580,
    "Reduced Applications":37,
    "Free Applications":200,
    "Needy %":"40.86%",
    "Grade Level":"OK  05",
    "FIELD10":""
  },
  {
    "Agreement Number":920,
    "Sponsor Name":"Wake County Schools",
    "Site Number":398,
    "Site Name":"Durant Road Elementary",
    "ADM":968,
    "Reduced Applications":70,
    "Free Applications":285,
    "Needy %":"36.67%",
    "Grade Level":"PK  05",
    "FIELD10":""
  },
  {
    "Agreement Number":920,
    "Sponsor Name":"Wake County Schools",
    "Site Number":399,
    "Site Name":"Durant Road Middle",
    "ADM":1075,
    "Reduced Applications":77,
    "Free Applications":252,
    "Needy %":"30.60%",
    "Grade Level":"06  08",
    "FIELD10":""
  },
  {
    "Agreement Number":920,
    "Sponsor Name":"Wake County Schools",
    "Site Number":400,
    "Site Name":"Reedy Creek Middle",
    "ADM":833,
    "Reduced Applications":69,
    "Free Applications":296,
    "Needy %":"43.82%",
    "Grade Level":"06  08",
    "FIELD10":""
  },
  {
    "Agreement Number":920,
    "Sponsor Name":"Wake County Schools",
    "Site Number":402,
    "Site Name":"East Cary Middle",
    "ADM":440,
    "Reduced Applications":28,
    "Free Applications":86,
    "Needy %":"25.91%",
    "Grade Level":"06  08",
    "FIELD10":""
  },
  {
    "Agreement Number":920,
    "Sponsor Name":"Wake County Schools",
    "Site Number":403,
    "Site Name":"East Garner Elementary",
    "ADM":659,
    "Reduced Applications":85,
    "Free Applications":348,
    "Needy %":"65.71%",
    "Grade Level":"OK  05",
    "FIELD10":""
  },
  {
    "Agreement Number":920,
    "Sponsor Name":"Wake County Schools",
    "Site Number":404,
    "Site Name":"East Garner Middle",
    "ADM":1111,
    "Reduced Applications":165,
    "Free Applications":481,
    "Needy %":"58.15%",
    "Grade Level":"06  08",
    "FIELD10":""
  },
  {
    "Agreement Number":920,
    "Sponsor Name":"Wake County Schools",
    "Site Number":408,
    "Site Name":"East Millbrook Middle",
    "ADM":1128,
    "Reduced Applications":120,
    "Free Applications":458,
    "Needy %":"51.24%",
    "Grade Level":"06  08",
    "FIELD10":""
  },
  {
    "Agreement Number":920,
    "Sponsor Name":"Wake County Schools",
    "Site Number":410,
    "Site Name":"East Wake Middle",
    "ADM":1057,
    "Reduced Applications":120,
    "Free Applications":458,
    "Needy %":"54.68%",
    "Grade Level":"06  08",
    "FIELD10":""
  },
  {
    "Agreement Number":920,
    "Sponsor Name":"Wake County Schools",
    "Site Number":412,
    "Site Name":"William G Enloe High",
    "ADM":2580,
    "Reduced Applications":155,
    "Free Applications":657,
    "Needy %":"31.47%",
    "Grade Level":"09  12",
    "FIELD10":""
  },
  {
    "Agreement Number":920,
    "Sponsor Name":"Wake County Schools",
    "Site Number":413,
    "Site Name":"Forestville Road Elementary",
    "ADM":603,
    "Reduced Applications":62,
    "Free Applications":226,
    "Needy %":"47.76%",
    "Grade Level":"OK  05",
    "FIELD10":""
  },
  {
    "Agreement Number":920,
    "Sponsor Name":"Wake County Schools",
    "Site Number":414,
    "Site Name":"Farmington Woods Elementary",
    "ADM":847,
    "Reduced Applications":51,
    "Free Applications":255,
    "Needy %":"36.13%",
    "Grade Level":"OK  05",
    "FIELD10":""
  },
  {
    "Agreement Number":920,
    "Sponsor Name":"Wake County Schools",
    "Site Number":415,
    "Site Name":"Fox Road Elementary",
    "ADM":883,
    "Reduced Applications":113,
    "Free Applications":475,
    "Needy %":"66.59%",
    "Grade Level":"OK  05",
    "FIELD10":""
  },
  {
    "Agreement Number":920,
    "Sponsor Name":"Wake County Schools",
    "Site Number":416,
    "Site Name":"Fuller Elementary",
    "ADM":543,
    "Reduced Applications":32,
    "Free Applications":165,
    "Needy %":"36.28%",
    "Grade Level":"OK  05",
    "FIELD10":""
  },
  {
    "Agreement Number":920,
    "Sponsor Name":"Wake County Schools",
    "Site Number":417,
    "Site Name":"Forest Pines Elementary",
    "ADM":735,
    "Reduced Applications":44,
    "Free Applications":172,
    "Needy %":"29.39%",
    "Grade Level":"OK  05",
    "FIELD10":""
  },
  {
    "Agreement Number":920,
    "Sponsor Name":"Wake County Schools",
    "Site Number":420,
    "Site Name":"Fuquay-Varina Elementary",
    "ADM":939,
    "Reduced Applications":62,
    "Free Applications":269,
    "Needy %":"35.25%",
    "Grade Level":"OK  05",
    "FIELD10":""
  },
  {
    "Agreement Number":920,
    "Sponsor Name":"Wake County Schools",
    "Site Number":424,
    "Site Name":"Fuquay-Varina Middle",
    "ADM":946,
    "Reduced Applications":87,
    "Free Applications":282,
    "Needy %":"39.01%",
    "Grade Level":"06  08",
    "FIELD10":""
  },
  {
    "Agreement Number":920,
    "Sponsor Name":"Wake County Schools",
    "Site Number":428,
    "Site Name":"Fuquay-Varina High",
    "ADM":1779,
    "Reduced Applications":114,
    "Free Applications":324,
    "Needy %":"24.62%",
    "Grade Level":"09  12",
    "FIELD10":""
  },
  {
    "Agreement Number":920,
    "Sponsor Name":"Wake County Schools",
    "Site Number":436,
    "Site Name":"Garner High",
    "ADM":2238,
    "Reduced Applications":208,
    "Free Applications":739,
    "Needy %":"42.31%",
    "Grade Level":"09  12",
    "FIELD10":""
  },
  {
    "Agreement Number":920,
    "Sponsor Name":"Wake County Schools",
    "Site Number":438,
    "Site Name":"River Oaks Middle",
    "ADM":27,
    "Reduced Applications":4,
    "Free Applications":14,
    "Needy %":"66.67%",
    "Grade Level":"06  08",
    "FIELD10":""
  },
  {
    "Agreement Number":920,
    "Sponsor Name":"Wake County Schools",
    "Site Number":439,
    "Site Name":"Green Hope Elementary",
    "ADM":826,
    "Reduced Applications":24,
    "Free Applications":77,
    "Needy %":"12.23%",
    "Grade Level":"OK  05",
    "FIELD10":""
  },
  {
    "Agreement Number":920,
    "Sponsor Name":"Wake County Schools",
    "Site Number":440,
    "Site Name":"Green Elementary",
    "ADM":479,
    "Reduced Applications":34,
    "Free Applications":169,
    "Needy %":"42.38%",
    "Grade Level":"OK  05",
    "FIELD10":""
  },
  {
    "Agreement Number":920,
    "Sponsor Name":"Wake County Schools",
    "Site Number":441,
    "Site Name":"Green Hope High",
    "ADM":1990,
    "Reduced Applications":30,
    "Free Applications":93,
    "Needy %":"6.18%",
    "Grade Level":"09  12",
    "FIELD10":""
  },
  {
    "Agreement Number":920,
    "Sponsor Name":"Wake County Schools",
    "Site Number":442,
    "Site Name":"Hilburn Drive Elementary",
    "ADM":533,
    "Reduced Applications":50,
    "Free Applications":195,
    "Needy %":"45.97%",
    "Grade Level":"OK  05",
    "FIELD10":""
  },
  {
    "Agreement Number":920,
    "Sponsor Name":"Wake County Schools",
    "Site Number":443,
    "Site Name":"Highcroft Elementary",
    "ADM":702,
    "Reduced Applications":14,
    "Free Applications":50,
    "Needy %":"9.12%",
    "Grade Level":"OK  05",
    "FIELD10":""
  },
  {
    "Agreement Number":920,
    "Sponsor Name":"Wake County Schools",
    "Site Number":444,
    "Site Name":"Heritage Middle",
    "ADM":1291,
    "Reduced Applications":73,
    "Free Applications":219,
    "Needy %":"22.62%",
    "Grade Level":"06  08",
    "FIELD10":""
  },
  {
    "Agreement Number":920,
    "Sponsor Name":"Wake County Schools",
    "Site Number":446,
    "Site Name":"Hodge Road Elementary",
    "ADM":739,
    "Reduced Applications":59,
    "Free Applications":409,
    "Needy %":"63.33%",
    "Grade Level":"OK  05",
    "FIELD10":""
  },
  {
    "Agreement Number":920,
    "Sponsor Name":"Wake County Schools",
    "Site Number":447,
    "Site Name":"Holly Springs Elementary",
    "ADM":864,
    "Reduced Applications":55,
    "Free Applications":84,
    "Needy %":"16.09%",
    "Grade Level":"OK  05",
    "FIELD10":""
  },
  {
    "Agreement Number":920,
    "Sponsor Name":"Wake County Schools",
    "Site Number":448,
    "Site Name":"Hunter Elementary",
    "ADM":820,
    "Reduced Applications":27,
    "Free Applications":261,
    "Needy %":"35.12%",
    "Grade Level":"OK  05",
    "FIELD10":""
  },
  {
    "Agreement Number":920,
    "Sponsor Name":"Wake County Schools",
    "Site Number":449,
    "Site Name":"Holly Ridge Elementary",
    "ADM":776,
    "Reduced Applications":72,
    "Free Applications":156,
    "Needy %":"29.38%",
    "Grade Level":"OK  05",
    "FIELD10":""
  },
  {
    "Agreement Number":920,
    "Sponsor Name":"Wake County Schools",
    "Site Number":450,
    "Site Name":"Holly Ridge Middle",
    "ADM":1244,
    "Reduced Applications":91,
    "Free Applications":267,
    "Needy %":"28.78%",
    "Grade Level":"06  08",
    "FIELD10":""
  },
  {
    "Agreement Number":920,
    "Sponsor Name":"Wake County Schools",
    "Site Number":451,
    "Site Name":"Harris Creek Elementary",
    "ADM":858,
    "Reduced Applications":68,
    "Free Applications":206,
    "Needy %":"31.93%",
    "Grade Level":"OK  05",
    "FIELD10":""
  },
  {
    "Agreement Number":920,
    "Sponsor Name":"Wake County Schools",
    "Site Number":452,
    "Site Name":"Jeffreys Grove Elementary",
    "ADM":518,
    "Reduced Applications":45,
    "Free Applications":175,
    "Needy %":"42.47%",
    "Grade Level":"OK  05",
    "FIELD10":""
  },
  {
    "Agreement Number":920,
    "Sponsor Name":"Wake County Schools",
    "Site Number":453,
    "Site Name":"Jones Dairy Elementary",
    "ADM":779,
    "Reduced Applications":34,
    "Free Applications":108,
    "Needy %":"18.23%",
    "Grade Level":"OK  05",
    "FIELD10":""
  },
  {
    "Agreement Number":920,
    "Sponsor Name":"Wake County Schools",
    "Site Number":454,
    "Site Name":"Heritage Elementary",
    "ADM":830,
    "Reduced Applications":36,
    "Free Applications":122,
    "Needy %":"19.04%",
    "Grade Level":"OK  05",
    "FIELD10":""
  },
  {
    "Agreement Number":920,
    "Sponsor Name":"Wake County Schools",
    "Site Number":455,
    "Site Name":"Holly Springs High",
    "ADM":1645,
    "Reduced Applications":78,
    "Free Applications":238,
    "Needy %":"19.21%",
    "Grade Level":"09  12",
    "FIELD10":""
  },
  {
    "Agreement Number":920,
    "Sponsor Name":"Wake County Schools",
    "Site Number":456,
    "Site Name":"Joyner Elementary",
    "ADM":583,
    "Reduced Applications":39,
    "Free Applications":188,
    "Needy %":"38.94%",
    "Grade Level":"OK  05",
    "FIELD10":""
  },
  {
    "Agreement Number":920,
    "Sponsor Name":"Wake County Schools",
    "Site Number":457,
    "Site Name":"Holly Grove Elementary",
    "ADM":1005,
    "Reduced Applications":39,
    "Free Applications":131,
    "Needy %":"16.92%",
    "Grade Level":"OK  05",
    "FIELD10":""
  },
  {
    "Agreement Number":920,
    "Sponsor Name":"Wake County Schools",
    "Site Number":460,
    "Site Name":"Kingswood Elementary",
    "ADM":363,
    "Reduced Applications":48,
    "Free Applications":119,
    "Needy %":"46.01%",
    "Grade Level":"OK  05",
    "FIELD10":""
  },
  {
    "Agreement Number":920,
    "Sponsor Name":"Wake County Schools",
    "Site Number":464,
    "Site Name":"Knightdale Elementary",
    "ADM":657,
    "Reduced Applications":96,
    "Free Applications":284,
    "Needy %":"57.84%",
    "Grade Level":"OK  05",
    "FIELD10":""
  },
  {
    "Agreement Number":920,
    "Sponsor Name":"Wake County Schools",
    "Site Number":466,
    "Site Name":"Knightdale High",
    "ADM":1752,
    "Reduced Applications":175,
    "Free Applications":565,
    "Needy %":"42.24%",
    "Grade Level":"09  12",
    "FIELD10":""
  },
  {
    "Agreement Number":920,
    "Sponsor Name":"Wake County Schools",
    "Site Number":467,
    "Site Name":"Laurel Park Elementary",
    "ADM":622,
    "Reduced Applications":21,
    "Free Applications":116,
    "Needy %":"22.03%",
    "Grade Level":"OK  05",
    "FIELD10":""
  },
  {
    "Agreement Number":920,
    "Sponsor Name":"Wake County Schools",
    "Site Number":468,
    "Site Name":"Lacy Elementary",
    "ADM":808,
    "Reduced Applications":23,
    "Free Applications":185,
    "Needy %":"25.74%",
    "Grade Level":"OK  05",
    "FIELD10":""
  },
  {
    "Agreement Number":920,
    "Sponsor Name":"Wake County Schools",
    "Site Number":469,
    "Site Name":"Leesville Road Elementary",
    "ADM":975,
    "Reduced Applications":20,
    "Free Applications":98,
    "Needy %":"12.10%",
    "Grade Level":"OK  05",
    "FIELD10":""
  },
  {
    "Agreement Number":920,
    "Sponsor Name":"Wake County Schools",
    "Site Number":470,
    "Site Name":"Lead Mine Elementary",
    "ADM":489,
    "Reduced Applications":39,
    "Free Applications":188,
    "Needy %":"46.42%",
    "Grade Level":"OK  05",
    "FIELD10":""
  },
  {
    "Agreement Number":920,
    "Sponsor Name":"Wake County Schools",
    "Site Number":471,
    "Site Name":"Leesville Road Middle",
    "ADM":1274,
    "Reduced Applications":73,
    "Free Applications":348,
    "Needy %":"33.05%",
    "Grade Level":"06  08",
    "FIELD10":""
  },
  {
    "Agreement Number":920,
    "Sponsor Name":"Wake County Schools",
    "Site Number":472,
    "Site Name":"Ligon Middle",
    "ADM":1088,
    "Reduced Applications":36,
    "Free Applications":309,
    "Needy %":"31.71%",
    "Grade Level":"06  08",
    "FIELD10":""
  },
  {
    "Agreement Number":920,
    "Sponsor Name":"Wake County Schools",
    "Site Number":473,
    "Site Name":"Leesville Road High",
    "ADM":2425,
    "Reduced Applications":80,
    "Free Applications":352,
    "Needy %":"17.81%",
    "Grade Level":"09  12",
    "FIELD10":""
  },
  {
    "Agreement Number":920,
    "Sponsor Name":"Wake County Schools",
    "Site Number":476,
    "Site Name":"Lincoln Heights Elementary",
    "ADM":682,
    "Reduced Applications":53,
    "Free Applications":205,
    "Needy %":"37.83%",
    "Grade Level":"OK  05",
    "FIELD10":""
  },
  {
    "Agreement Number":920,
    "Sponsor Name":"Wake County Schools",
    "Site Number":480,
    "Site Name":"Lockhart Elementary",
    "ADM":725,
    "Reduced Applications":88,
    "Free Applications":252,
    "Needy %":"46.90%",
    "Grade Level":"OK  05",
    "FIELD10":""
  },
  {
    "Agreement Number":920,
    "Sponsor Name":"Wake County Schools",
    "Site Number":484,
    "Site Name":"Lufkin Road Middle",
    "ADM":1137,
    "Reduced Applications":31,
    "Free Applications":89,
    "Needy %":"10.55%",
    "Grade Level":"06  08",
    "FIELD10":""
  },
  {
    "Agreement Number":920,
    "Sponsor Name":"Wake County Schools",
    "Site Number":488,
    "Site Name":"Lynn Road Elementary",
    "ADM":650,
    "Reduced Applications":57,
    "Free Applications":292,
    "Needy %":"53.69%",
    "Grade Level":"OK  05",
    "FIELD10":""
  },
  {
    "Agreement Number":920,
    "Sponsor Name":"Wake County Schools",
    "Site Number":492,
    "Site Name":"Martin Middle",
    "ADM":1029,
    "Reduced Applications":40,
    "Free Applications":224,
    "Needy %":"25.66%",
    "Grade Level":"06  08",
    "FIELD10":""
  },
  {
    "Agreement Number":920,
    "Sponsor Name":"Wake County Schools",
    "Site Number":494,
    "Site Name":"Middle Creek Elementary",
    "ADM":1051,
    "Reduced Applications":21,
    "Free Applications":204,
    "Needy %":"21.41%",
    "Grade Level":"OK  05",
    "FIELD10":""
  },
  {
    "Agreement Number":920,
    "Sponsor Name":"Wake County Schools",
    "Site Number":495,
    "Site Name":"Middle Creek High",
    "ADM":1635,
    "Reduced Applications":82,
    "Free Applications":460,
    "Needy %":"33.15%",
    "Grade Level":"09  12",
    "FIELD10":""
  },
  {
    "Agreement Number":920,
    "Sponsor Name":"Wake County Schools",
    "Site Number":496,
    "Site Name":"Millbrook Elementary",
    "ADM":789,
    "Reduced Applications":91,
    "Free Applications":395,
    "Needy %":"61.60%",
    "Grade Level":"OK  05",
    "FIELD10":""
  },
  {
    "Agreement Number":920,
    "Sponsor Name":"Wake County Schools",
    "Site Number":500,
    "Site Name":"Millbrook High",
    "ADM":2357,
    "Reduced Applications":179,
    "Free Applications":695,
    "Needy %":"37.08%",
    "Grade Level":"09  12",
    "FIELD10":""
  },
  {
    "Agreement Number":920,
    "Sponsor Name":"Wake County Schools",
    "Site Number":501,
    "Site Name":"Mills Park Elementary",
    "ADM":655,
    "Reduced Applications":15,
    "Free Applications":55,
    "Needy %":"10.69%",
    "Grade Level":"OK  05",
    "FIELD10":""
  },
  {
    "Agreement Number":920,
    "Sponsor Name":"Wake County Schools",
    "Site Number":504,
    "Site Name":"Morrisville Elementary",
    "ADM":751,
    "Reduced Applications":26,
    "Free Applications":86,
    "Needy %":"14.91%",
    "Grade Level":"OK  05",
    "FIELD10":""
  },
  {
    "Agreement Number":920,
    "Sponsor Name":"Wake County Schools",
    "Site Number":506,
    "Site Name":"Moore Square Museum Magnet Mid",
    "ADM":473,
    "Reduced Applications":61,
    "Free Applications":255,
    "Needy %":"66.81%",
    "Grade Level":"06  08",
    "FIELD10":""
  },
  {
    "Agreement Number":920,
    "Sponsor Name":"Wake County Schools",
    "Site Number":508,
    "Site Name":"Mount Vernon",
    "ADM":117,
    "Reduced Applications":3,
    "Free Applications":18,
    "Needy %":"17.95%",
    "Grade Level":"OK    08",
    "FIELD10":""
  },
  {
    "Agreement Number":920,
    "Sponsor Name":"Wake County Schools",
    "Site Number":512,
    "Site Name":"North Garner Middle",
    "ADM":1152,
    "Reduced Applications":102,
    "Free Applications":414,
    "Needy %":"44.79%",
    "Grade Level":"06  08",
    "FIELD10":""
  },
  {
    "Agreement Number":920,
    "Sponsor Name":"Wake County Schools",
    "Site Number":514,
    "Site Name":"North Forest Pines Elementary",
    "ADM":771,
    "Reduced Applications":32,
    "Free Applications":148,
    "Needy %":"23.35%",
    "Grade Level":"OK  05",
    "FIELD10":""
  },
  {
    "Agreement Number":920,
    "Sponsor Name":"Wake County Schools",
    "Site Number":516,
    "Site Name":"North Ridge Elementary",
    "ADM":795,
    "Reduced Applications":56,
    "Free Applications":248,
    "Needy %":"38.24%",
    "Grade Level":"OK  05",
    "FIELD10":""
  },
  {
    "Agreement Number":920,
    "Sponsor Name":"Wake County Schools",
    "Site Number":520,
    "Site Name":"Northwoods Elementary",
    "ADM":574,
    "Reduced Applications":43,
    "Free Applications":161,
    "Needy %":"35.54%",
    "Grade Level":"OK  05",
    "FIELD10":""
  },
  {
    "Agreement Number":920,
    "Sponsor Name":"Wake County Schools",
    "Site Number":522,
    "Site Name":"Oak Grove Elementary",
    "ADM":937,
    "Reduced Applications":19,
    "Free Applications":143,
    "Needy %":"17.29%",
    "Grade Level":"OK  05",
    "FIELD10":""
  },
  {
    "Agreement Number":920,
    "Sponsor Name":"Wake County Schools",
    "Site Number":523,
    "Site Name":"Olive Chapel Elementary",
    "ADM":1016,
    "Reduced Applications":22,
    "Free Applications":83,
    "Needy %":"10.33%",
    "Grade Level":"OK  05",
    "FIELD10":""
  },
  {
    "Agreement Number":920,
    "Sponsor Name":"Wake County Schools",
    "Site Number":524,
    "Site Name":"Olds Elementary",
    "ADM":340,
    "Reduced Applications":20,
    "Free Applications":88,
    "Needy %":"31.76%",
    "Grade Level":"OK  05",
    "FIELD10":""
  },
  {
    "Agreement Number":920,
    "Sponsor Name":"Wake County Schools",
    "Site Number":525,
    "Site Name":"Partnership Elementary",
    "ADM":323,
    "Reduced Applications":18,
    "Free Applications":72,
    "Needy %":"27.86%",
    "Grade Level":"OK  05",
    "FIELD10":""
  },
  {
    "Agreement Number":920,
    "Sponsor Name":"Wake County Schools",
    "Site Number":526,
    "Site Name":"Panther Creek High",
    "ADM":2174,
    "Reduced Applications":56,
    "Free Applications":164,
    "Needy %":"10.12%",
    "Grade Level":"09  12",
    "FIELD10":""
  },
  {
    "Agreement Number":920,
    "Sponsor Name":"Wake County Schools",
    "Site Number":528,
    "Site Name":"Phillips High",
    "ADM":131,
    "Reduced Applications":7,
    "Free Applications":28,
    "Needy %":"26.72%",
    "Grade Level":"09  12",
    "FIELD10":""
  },
  {
    "Agreement Number":920,
    "Sponsor Name":"Wake County Schools",
    "Site Number":530,
    "Site Name":"Penny Road Elementary",
    "ADM":850,
    "Reduced Applications":34,
    "Free Applications":241,
    "Needy %":"32.35%",
    "Grade Level":"OK  05",
    "FIELD10":""
  },
  {
    "Agreement Number":920,
    "Sponsor Name":"Wake County Schools",
    "Site Number":531,
    "Site Name":"Pleasant Union Elementary",
    "ADM":643,
    "Reduced Applications":22,
    "Free Applications":45,
    "Needy %":"10.42%",
    "Grade Level":"OK  05",
    "FIELD10":""
  },
  {
    "Agreement Number":920,
    "Sponsor Name":"Wake County Schools",
    "Site Number":532,
    "Site Name":"Poe Elementary",
    "ADM":364,
    "Reduced Applications":32,
    "Free Applications":163,
    "Needy %":"53.57%",
    "Grade Level":"PK  05",
    "FIELD10":""
  },
  {
    "Agreement Number":920,
    "Sponsor Name":"Wake County Schools",
    "Site Number":536,
    "Site Name":"Powell Elementary",
    "ADM":427,
    "Reduced Applications":38,
    "Free Applications":222,
    "Needy %":"60.89%",
    "Grade Level":"OK  05",
    "FIELD10":""
  },
  {
    "Agreement Number":920,
    "Sponsor Name":"Wake County Schools",
    "Site Number":540,
    "Site Name":"Rand Road Elementary",
    "ADM":689,
    "Reduced Applications":66,
    "Free Applications":130,
    "Needy %":"28.45%",
    "Grade Level":"OK  05",
    "FIELD10":""
  },
  {
    "Agreement Number":920,
    "Sponsor Name":"Wake County Schools",
    "Site Number":542,
    "Site Name":"Reedy Creek Elementary",
    "ADM":799,
    "Reduced Applications":60,
    "Free Applications":311,
    "Needy %":"46.43%",
    "Grade Level":"OK  05",
    "FIELD10":""
  },
  {
    "Agreement Number":920,
    "Sponsor Name":"Wake County Schools",
    "Site Number":544,
    "Site Name":"Rolesville Elementary",
    "ADM":706,
    "Reduced Applications":56,
    "Free Applications":250,
    "Needy %":"43.34%",
    "Grade Level":"PK  05",
    "FIELD10":""
  },
  {
    "Agreement Number":920,
    "Sponsor Name":"Wake County Schools",
    "Site Number":548,
    "Site Name":"Root Elementary",
    "ADM":413,
    "Reduced Applications":17,
    "Free Applications":127,
    "Needy %":"34.87%",
    "Grade Level":"OK  05",
    "FIELD10":""
  },
  {
    "Agreement Number":920,
    "Sponsor Name":"Wake County Schools",
    "Site Number":550,
    "Site Name":"Salem Elementary",
    "ADM":956,
    "Reduced Applications":12,
    "Free Applications":124,
    "Needy %":"14.23%",
    "Grade Level":"OK  05",
    "FIELD10":""
  },
  {
    "Agreement Number":920,
    "Sponsor Name":"Wake County Schools",
    "Site Number":551,
    "Site Name":"Salem Middle",
    "ADM":1243,
    "Reduced Applications":26,
    "Free Applications":47,
    "Needy %":"5.87%",
    "Grade Level":"06  08",
    "FIELD10":""
  },
  {
    "Agreement Number":920,
    "Sponsor Name":"Wake County Schools",
    "Site Number":552,
    "Site Name":"Sanderson High",
    "ADM":1881,
    "Reduced Applications":79,
    "Free Applications":501,
    "Needy %":"30.83%",
    "Grade Level":"09  12",
    "FIELD10":""
  },
  {
    "Agreement Number":920,
    "Sponsor Name":"Wake County Schools",
    "Site Number":554,
    "Site Name":"Sanford Creek Elementary",
    "ADM":554,
    "Reduced Applications":29,
    "Free Applications":117,
    "Needy %":"26.35%",
    "Grade Level":"OK  05",
    "FIELD10":""
  },
  {
    "Agreement Number":920,
    "Sponsor Name":"Wake County Schools",
    "Site Number":560,
    "Site Name":"Smith Elementary",
    "ADM":495,
    "Reduced Applications":58,
    "Free Applications":338,
    "Needy %":"80.00%",
    "Grade Level":"OK  05",
    "FIELD10":""
  },
  {
    "Agreement Number":920,
    "Sponsor Name":"Wake County Schools",
    "Site Number":562,
    "Site Name":"Southeast Raleigh High",
    "ADM":1584,
    "Reduced Applications":148,
    "Free Applications":521,
    "Needy %":"42.23%",
    "Grade Level":"09    12",
    "FIELD10":""
  },
  {
    "Agreement Number":920,
    "Sponsor Name":"Wake County Schools",
    "Site Number":564,
    "Site Name":"Stough Elementary",
    "ADM":612,
    "Reduced Applications":58,
    "Free Applications":268,
    "Needy %":"53.27%",
    "Grade Level":"OK  05",
    "FIELD10":""
  },
  {
    "Agreement Number":920,
    "Sponsor Name":"Wake County Schools",
    "Site Number":568,
    "Site Name":"Swift Creek Elementary",
    "ADM":633,
    "Reduced Applications":42,
    "Free Applications":192,
    "Needy %":"36.97%",
    "Grade Level":"OK  05",
    "FIELD10":""
  },
  {
    "Agreement Number":920,
    "Sponsor Name":"Wake County Schools",
    "Site Number":569,
    "Site Name":"Sycamore Creek Elementary",
    "ADM":652,
    "Reduced Applications":25,
    "Free Applications":67,
    "Needy %":"14.11%",
    "Grade Level":"OK  05",
    "FIELD10":""
  },
  {
    "Agreement Number":920,
    "Sponsor Name":"Wake County Schools",
    "Site Number":570,
    "Site Name":"Timber Drive Elementary",
    "ADM":919,
    "Reduced Applications":65,
    "Free Applications":322,
    "Needy %":"42.11%",
    "Grade Level":"OK  05",
    "FIELD10":""
  },
  {
    "Agreement Number":920,
    "Sponsor Name":"Wake County Schools",
    "Site Number":571,
    "Site Name":"Turner Creek Elementary",
    "ADM":967,
    "Reduced Applications":29,
    "Free Applications":93,
    "Needy %":"12.62%",
    "Grade Level":"OK  05",
    "FIELD10":""
  },
  {
    "Agreement Number":920,
    "Sponsor Name":"Wake County Schools",
    "Site Number":572,
    "Site Name":"Underwood Elementary",
    "ADM":493,
    "Reduced Applications":13,
    "Free Applications":119,
    "Needy %":"26.77%",
    "Grade Level":"OK  05",
    "FIELD10":""
  },
  {
    "Agreement Number":920,
    "Sponsor Name":"Wake County Schools",
    "Site Number":576,
    "Site Name":"Vance Elementary",
    "ADM":576,
    "Reduced Applications":37,
    "Free Applications":138,
    "Needy %":"30.38%",
    "Grade Level":"OK  05",
    "FIELD10":""
  },
  {
    "Agreement Number":920,
    "Sponsor Name":"Wake County Schools",
    "Site Number":580,
    "Site Name":"Vandora Springs Elementary",
    "ADM":503,
    "Reduced Applications":47,
    "Free Applications":211,
    "Needy %":"51.29%",
    "Grade Level":"OK  05",
    "FIELD10":""
  },
  {
    "Agreement Number":920,
    "Sponsor Name":"Wake County Schools",
    "Site Number":583,
    "Site Name":"Wake Early College health",
    "ADM":197,
    "Reduced Applications":0,
    "Free Applications":0,
    "Needy %":"0.00%",
    "Grade Level":"09   11",
    "FIELD10":""
  },
  {
    "Agreement Number":920,
    "Sponsor Name":"Wake County Schools",
    "Site Number":584,
    "Site Name":"Wake Forest Elementary",
    "ADM":788,
    "Reduced Applications":51,
    "Free Applications":260,
    "Needy %":"39.47%",
    "Grade Level":"OK  05",
    "FIELD10":""
  },
  {
    "Agreement Number":920,
    "Sponsor Name":"Wake County Schools",
    "Site Number":588,
    "Site Name":"Wake Forest-Rolesville High",
    "ADM":1823,
    "Reduced Applications":82,
    "Free Applications":266,
    "Needy %":"19.09%",
    "Grade Level":"09  12",
    "FIELD10":""
  },
  {
    "Agreement Number":920,
    "Sponsor Name":"Wake County Schools",
    "Site Number":592,
    "Site Name":"Wake Forest-Rolesville Mid",
    "ADM":1154,
    "Reduced Applications":94,
    "Free Applications":338,
    "Needy %":"37.44%",
    "Grade Level":"06  08",
    "FIELD10":""
  },
  {
    "Agreement Number":920,
    "Sponsor Name":"Wake County Schools",
    "Site Number":593,
    "Site Name":"Wakefield Elementary",
    "ADM":889,
    "Reduced Applications":30,
    "Free Applications":205,
    "Needy %":"26.43%",
    "Grade Level":"OK  05",
    "FIELD10":""
  },
  {
    "Agreement Number":920,
    "Sponsor Name":"Wake County Schools",
    "Site Number":594,
    "Site Name":"Wakefield Middle",
    "ADM":1315,
    "Reduced Applications":53,
    "Free Applications":185,
    "Needy %":"18.10%",
    "Grade Level":"06  08",
    "FIELD10":""
  },
  {
    "Agreement Number":920,
    "Sponsor Name":"Wake County Schools",
    "Site Number":595,
    "Site Name":"Wakefield High",
    "ADM":2639,
    "Reduced Applications":143,
    "Free Applications":468,
    "Needy %":"23.15%",
    "Grade Level":"09  12",
    "FIELD10":""
  },
  {
    "Agreement Number":920,
    "Sponsor Name":"Wake County Schools",
    "Site Number":596,
    "Site Name":"Washington Elementary",
    "ADM":583,
    "Reduced Applications":27,
    "Free Applications":221,
    "Needy %":"42.54%",
    "Grade Level":"OK  05",
    "FIELD10":""
  },
  {
    "Agreement Number":920,
    "Sponsor Name":"Wake County Schools",
    "Site Number":597,
    "Site Name":"Wakelon Elementary",
    "ADM":670,
    "Reduced Applications":68,
    "Free Applications":440,
    "Needy %":"75.82%",
    "Grade Level":"OK  05",
    "FIELD10":""
  },
  {
    "Agreement Number":920,
    "Sponsor Name":"Wake County Schools",
    "Site Number":598,
    "Site Name":"Weatherstone Elementary",
    "ADM":942,
    "Reduced Applications":51,
    "Free Applications":271,
    "Needy %":"34.18%",
    "Grade Level":"OK  05",
    "FIELD10":""
  },
  {
    "Agreement Number":920,
    "Sponsor Name":"Wake County Schools",
    "Site Number":600,
    "Site Name":"Wendell Elementary",
    "ADM":511,
    "Reduced Applications":69,
    "Free Applications":212,
    "Needy %":"54.99%",
    "Grade Level":"OK  05",
    "FIELD10":""
  },
  {
    "Agreement Number":920,
    "Sponsor Name":"Wake County Schools",
    "Site Number":601,
    "Site Name":"Wendell Middle",
    "ADM":419,
    "Reduced Applications":49,
    "Free Applications":191,
    "Needy %":"57.28%",
    "Grade Level":"06  08",
    "FIELD10":""
  },
  {
    "Agreement Number":920,
    "Sponsor Name":"Wake County Schools",
    "Site Number":604,
    "Site Name":"West Cary Middle",
    "ADM":1152,
    "Reduced Applications":64,
    "Free Applications":237,
    "Needy %":"26.13%",
    "Grade Level":"06  08",
    "FIELD10":""
  },
  {
    "Agreement Number":920,
    "Sponsor Name":"Wake County Schools",
    "Site Number":606,
    "Site Name":"West Lake Elementary",
    "ADM":983,
    "Reduced Applications":29,
    "Free Applications":212,
    "Needy %":"24.52%",
    "Grade Level":"PK  05",
    "FIELD10":""
  },
  {
    "Agreement Number":920,
    "Sponsor Name":"Wake County Schools",
    "Site Number":607,
    "Site Name":"West Lake Middle",
    "ADM":1421,
    "Reduced Applications":47,
    "Free Applications":255,
    "Needy %":"21.25%",
    "Grade Level":"06  08",
    "FIELD10":""
  },
  {
    "Agreement Number":920,
    "Sponsor Name":"Wake County Schools",
    "Site Number":608,
    "Site Name":"West Millbrook Middle",
    "ADM":890,
    "Reduced Applications":71,
    "Free Applications":343,
    "Needy %":"46.52%",
    "Grade Level":"06  08",
    "FIELD10":""
  },
  {
    "Agreement Number":920,
    "Sponsor Name":"Wake County Schools",
    "Site Number":616,
    "Site Name":"Wilburn Elementary",
    "ADM":611,
    "Reduced Applications":72,
    "Free Applications":298,
    "Needy %":"60.56%",
    "Grade Level":"OK  05",
    "FIELD10":""
  },
  {
    "Agreement Number":920,
    "Sponsor Name":"Wake County Schools",
    "Site Number":618,
    "Site Name":"Wildwood Forest Elementary",
    "ADM":931,
    "Reduced Applications":71,
    "Free Applications":312,
    "Needy %":"41.14%",
    "Grade Level":"OK  05",
    "FIELD10":""
  },
  {
    "Agreement Number":920,
    "Sponsor Name":"Wake County Schools",
    "Site Number":620,
    "Site Name":"Wiley Elementary",
    "ADM":438,
    "Reduced Applications":21,
    "Free Applications":84,
    "Needy %":"23.97%",
    "Grade Level":"OK  05",
    "FIELD10":""
  },
  {
    "Agreement Number":920,
    "Sponsor Name":"Wake County Schools",
    "Site Number":624,
    "Site Name":"Willow Springs Elementary",
    "ADM":999,
    "Reduced Applications":77,
    "Free Applications":212,
    "Needy %":"28.93%",
    "Grade Level":"OK  05",
    "FIELD10":""
  },
  {
    "Agreement Number":920,
    "Sponsor Name":"Wake County Schools",
    "Site Number":626,
    "Site Name":"Yates Mill Elementary",
    "ADM":520,
    "Reduced Applications":37,
    "Free Applications":178,
    "Needy %":"41.35%",
    "Grade Level":"OK  05",
    "FIELD10":""
  },
  {
    "Agreement Number":920,
    "Sponsor Name":"Wake County Schools",
    "Site Number":628,
    "Site Name":"York Elementary",
    "ADM":417,
    "Reduced Applications":38,
    "Free Applications":189,
    "Needy %":"54.44%",
    "Grade Level":"OK  05",
    "FIELD10":""
  },
  {
    "Agreement Number":920,
    "Sponsor Name":"Wake County Schools",
    "Site Number":632,
    "Site Name":"Zebulon Elementary",
    "ADM":524,
    "Reduced Applications":49,
    "Free Applications":298,
    "Needy %":"66.22%",
    "Grade Level":"OK  05",
    "FIELD10":""
  },
  {
    "Agreement Number":920,
    "Sponsor Name":"Wake County Schools",
    "Site Number":636,
    "Site Name":"Zebulon Middle",
    "ADM":849,
    "Reduced Applications":95,
    "Free Applications":363,
    "Needy %":"53.95%",
    "Grade Level":"06  08",
    "FIELD10":""
  },
  {
    "Agreement Number":920,
    "Sponsor Name":"Wake County Schools",
    "Site Number":700,
    "Site Name":"East Wake Health Science",
    "ADM":392,
    "Reduced Applications":0,
    "Free Applications":0,
    "Needy %":"0.00%",
    "Grade Level":"09  12",
    "FIELD10":"*"
  },
  {
    "Agreement Number":920,
    "Sponsor Name":"Wake County Schools",
    "Site Number":701,
    "Site Name":"East Wake Integ Tech",
    "ADM":334,
    "Reduced Applications":0,
    "Free Applications":0,
    "Needy %":"0.00%",
    "Grade Level":"09  12",
    "FIELD10":"*"
  },
  {
    "Agreement Number":920,
    "Sponsor Name":"Wake County Schools",
    "Site Number":702,
    "Site Name":"East Wake Arts Ed ",
    "ADM":409,
    "Reduced Applications":0,
    "Free Applications":0,
    "Needy %":"0.00%",
    "Grade Level":"09  12",
    "FIELD10":"*"
  },
  {
    "Agreement Number":920,
    "Sponsor Name":"Wake County Schools",
    "Site Number":703,
    "Site Name":"East Wake Engineering",
    "ADM":354,
    "Reduced Applications":0,
    "Free Applications":0,
    "Needy %":"0.00%",
    "Grade Level":"09  12",
    "FIELD10":"*"
  },
  {
    "Agreement Number":null,
    "Sponsor Name":"",
    "Site Number":null,
    "Site Name":"Sponsor Totals:",
    "ADM":137092,
    "Reduced Applications":8735,
    "Free Applications":36441,
    "Needy %":"32.95%",
    "Grade Level":"",
    "FIELD10":""
  }
]