[
  {
    "Agreement Number":"920",
    "Sponsor Name":"Wake County Schools",
    "Site Number":302,
    "Site Name":"River Bend Elementary",
    "ADM":"625",
    "Reduced Applications":"87",
    "Free Applications":"340",
    "Needy %":"68.32%",
    "Grade Level":"K    05",
    "FIELD10":""
  },
  {
    "Agreement Number":"920",
    "Sponsor Name":"Wake County Schools",
    "Site Number":304,
    "Site Name":"Adams Elementary",
    "ADM":"725",
    "Reduced Applications":"59",
    "Free Applications":"183",
    "Needy %":"33.38%",
    "Grade Level":"K    05",
    "FIELD10":""
  },
  {
    "Agreement Number":"920",
    "Sponsor Name":"Wake County Schools",
    "Site Number":306,
    "Site Name":"Herbert Akins Elementary",
    "ADM":"645",
    "Reduced Applications":"35",
    "Free Applications":"187",
    "Needy %":"34.42%",
    "Grade Level":"K    05",
    "FIELD10":""
  },
  {
    "Agreement Number":"920",
    "Sponsor Name":"Wake County Schools",
    "Site Number":308,
    "Site Name":"Apex Elementary",
    "ADM":"648",
    "Reduced Applications":"39",
    "Free Applications":"195",
    "Needy %":"36.11%",
    "Grade Level":"K    05",
    "FIELD10":""
  },
  {
    "Agreement Number":"920",
    "Sponsor Name":"Wake County Schools",
    "Site Number":312,
    "Site Name":"Apex Middle",
    "ADM":"1013",
    "Reduced Applications":"45",
    "Free Applications":"179",
    "Needy %":"22.11%",
    "Grade Level":"06   08",
    "FIELD10":""
  },
  {
    "Agreement Number":"920",
    "Sponsor Name":"Wake County Schools",
    "Site Number":316,
    "Site Name":"Apex High",
    "ADM":"2247",
    "Reduced Applications":"53",
    "Free Applications":"197",
    "Needy %":"11.13%",
    "Grade Level":"09   12",
    "FIELD10":""
  },
  {
    "Agreement Number":"920",
    "Sponsor Name":"Wake County Schools",
    "Site Number":318,
    "Site Name":"Athens Drive High",
    "ADM":"1768",
    "Reduced Applications":"112",
    "Free Applications":"531",
    "Needy %":"36.37%",
    "Grade Level":"09   12",
    "FIELD10":""
  },
  {
    "Agreement Number":"920",
    "Sponsor Name":"Wake County Schools",
    "Site Number":320,
    "Site Name":"Aversboro Elementary",
    "ADM":"567",
    "Reduced Applications":"61",
    "Free Applications":"287",
    "Needy %":"61.38%",
    "Grade Level":"K    05",
    "FIELD10":""
  },
  {
    "Agreement Number":"920",
    "Sponsor Name":"Wake County Schools",
    "Site Number":324,
    "Site Name":"Longview",
    "ADM":"98",
    "Reduced Applications":"28",
    "Free Applications":"5",
    "Needy %":"33.67%",
    "Grade Level":"06   12",
    "FIELD10":""
  },
  {
    "Agreement Number":"920",
    "Sponsor Name":"Wake County Schools",
    "Site Number":325,
    "Site Name":"Banks Road Elementary",
    "ADM":"591",
    "Reduced Applications":"34",
    "Free Applications":"203",
    "Needy %":"40.10%",
    "Grade Level":"K    05",
    "FIELD10":""
  },
  {
    "Agreement Number":"920",
    "Sponsor Name":"Wake County Schools",
    "Site Number":326,
    "Site Name":"Baileywick Road Elementary",
    "ADM":"458",
    "Reduced Applications":"23",
    "Free Applications":"203",
    "Needy %":"49.34%",
    "Grade Level":"K    05",
    "FIELD10":""
  },
  {
    "Agreement Number":"920",
    "Sponsor Name":"Wake County Schools",
    "Site Number":327,
    "Site Name":"Ballentine Elementary",
    "ADM":"682",
    "Reduced Applications":"21",
    "Free Applications":"205",
    "Needy %":"33.14%",
    "Grade Level":"K    05",
    "FIELD10":""
  },
  {
    "Agreement Number":"920",
    "Sponsor Name":"Wake County Schools",
    "Site Number":328,
    "Site Name":"Baucom Elementary",
    "ADM":"706",
    "Reduced Applications":"31",
    "Free Applications":"157",
    "Needy %":"26.63%",
    "Grade Level":"K    05",
    "FIELD10":""
  },
  {
    "Agreement Number":"920",
    "Sponsor Name":"Wake County Schools",
    "Site Number":329,
    "Site Name":"Bar Well Road Elementary",
    "ADM":"788",
    "Reduced Applications":"138",
    "Free Applications":"478",
    "Needy %":"78.17%",
    "Grade Level":"K    05",
    "FIELD10":""
  },
  {
    "Agreement Number":"920",
    "Sponsor Name":"Wake County Schools",
    "Site Number":334,
    "Site Name":"Brassfield Elementary",
    "ADM":"775",
    "Reduced Applications":"12",
    "Free Applications":"114",
    "Needy %":"16.26%",
    "Grade Level":"K    05",
    "FIELD10":""
  },
  {
    "Agreement Number":"920",
    "Sponsor Name":"Wake County Schools",
    "Site Number":336,
    "Site Name":"Brentwood Elementary",
    "ADM":"402",
    "Reduced Applications":"49",
    "Free Applications":"318",
    "Needy %":"91.29%",
    "Grade Level":"K    05",
    "FIELD10":""
  },
  {
    "Agreement Number":"920",
    "Sponsor Name":"Wake County Schools",
    "Site Number":340,
    "Site Name":"Briarcliff Elementary",
    "ADM":"541",
    "Reduced Applications":"29",
    "Free Applications":"195",
    "Needy %":"41.40%",
    "Grade Level":"K    05",
    "FIELD10":""
  },
  {
    "Agreement Number":"920",
    "Sponsor Name":"Wake County Schools",
    "Site Number":342,
    "Site Name":"Brier Creek Elementary",
    "ADM":"734",
    "Reduced Applications":"30",
    "Free Applications":"172",
    "Needy %":"27.52%",
    "Grade Level":"K    05",
    "FIELD10":""
  },
  {
    "Agreement Number":"920",
    "Sponsor Name":"Wake County Schools",
    "Site Number":344,
    "Site Name":"Brooks Elementary",
    "ADM":"556",
    "Reduced Applications":"31",
    "Free Applications":"164",
    "Needy %":"35.07%",
    "Grade Level":"K    05",
    "FIELD10":""
  },
  {
    "Agreement Number":"920",
    "Sponsor Name":"Wake County Schools",
    "Site Number":348,
    "Site Name":"Needham Broughton High",
    "ADM":"2219",
    "Reduced Applications":"111",
    "Free Applications":"622",
    "Needy %":"33.03%",
    "Grade Level":"09   12",
    "FIELD10":""
  },
  {
    "Agreement Number":"920",
    "Sponsor Name":"Wake County Schools",
    "Site Number":352,
    "Site Name":"Bugg Elementary",
    "ADM":"407",
    "Reduced Applications":"55",
    "Free Applications":"187",
    "Needy %":"59.46%",
    "Grade Level":"K    05",
    "FIELD10":""
  },
  {
    "Agreement Number":"920",
    "Sponsor Name":"Wake County Schools",
    "Site Number":356,
    "Site Name":"Carnage Middle",
    "ADM":"1028",
    "Reduced Applications":"90",
    "Free Applications":"376",
    "Needy %":"45.33%",
    "Grade Level":"06   08",
    "FIELD10":""
  },
  {
    "Agreement Number":"920",
    "Sponsor Name":"Wake County Schools",
    "Site Number":358,
    "Site Name":"Carpenter Elementary",
    "ADM":"812",
    "Reduced Applications":"38",
    "Free Applications":"162",
    "Needy %":"24.63%",
    "Grade Level":"K    05",
    "FIELD10":""
  },
  {
    "Agreement Number":"920",
    "Sponsor Name":"Wake County Schools",
    "Site Number":360,
    "Site Name":"Carroll Middle",
    "ADM":"703",
    "Reduced Applications":"79",
    "Free Applications":"337",
    "Needy %":"59.17%",
    "Grade Level":"06   08",
    "FIELD10":""
  },
  {
    "Agreement Number":"920",
    "Sponsor Name":"Wake County Schools",
    "Site Number":362,
    "Site Name":"Carver Elementary",
    "ADM":"425",
    "Reduced Applications":"66",
    "Free Applications":"252",
    "Needy %":"74.82%",
    "Grade Level":"K    05",
    "FIELD10":""
  },
  {
    "Agreement Number":"920",
    "Sponsor Name":"Wake County Schools",
    "Site Number":364,
    "Site Name":"Cary Elementary",
    "ADM":"505",
    "Reduced Applications":"36",
    "Free Applications":"168",
    "Needy %":"40.40%",
    "Grade Level":"K    05",
    "FIELD10":""
  },
  {
    "Agreement Number":"920",
    "Sponsor Name":"Wake County Schools",
    "Site Number":368,
    "Site Name":"Cary High",
    "ADM":"1993",
    "Reduced Applications":"147",
    "Free Applications":"499",
    "Needy %":"32.41%",
    "Grade Level":"09   12",
    "FIELD10":""
  },
  {
    "Agreement Number":"920",
    "Sponsor Name":"Wake County Schools",
    "Site Number":369,
    "Site Name":"Cedar Fork Elementary",
    "ADM":"842",
    "Reduced Applications":"42",
    "Free Applications":"78",
    "Needy %":"14.25%",
    "Grade Level":"K    05",
    "FIELD10":""
  },
  {
    "Agreement Number":"920",
    "Sponsor Name":"Wake County Schools",
    "Site Number":370,
    "Site Name":"Centennial Campus Middle",
    "ADM":"668",
    "Reduced Applications":"51",
    "Free Applications":"238",
    "Needy %":"43.26%",
    "Grade Level":"06   08",
    "FIELD10":""
  },
  {
    "Agreement Number":"920",
    "Sponsor Name":"Wake County Schools",
    "Site Number":376,
    "Site Name":"Combs Elementary",
    "ADM":"808",
    "Reduced Applications":"51",
    "Free Applications":"238",
    "Needy %":"35.77%",
    "Grade Level":"K    05",
    "FIELD10":""
  },
  {
    "Agreement Number":"920",
    "Sponsor Name":"Wake County Schools",
    "Site Number":380,
    "Site Name":"Conn Elementary",
    "ADM":"587",
    "Reduced Applications":"48",
    "Free Applications":"247",
    "Needy %":"50.26%",
    "Grade Level":"K    05",
    "FIELD10":""
  },
  {
    "Agreement Number":"920",
    "Sponsor Name":"Wake County Schools",
    "Site Number":384,
    "Site Name":"Creech Road Elementary",
    "ADM":"525",
    "Reduced Applications":"61",
    "Free Applications":"355",
    "Needy %":"79.24%",
    "Grade Level":"K    05",
    "FIELD10":""
  },
  {
    "Agreement Number":"920",
    "Sponsor Name":"Wake County Schools",
    "Site Number":388,
    "Site Name":"Daniels Middle",
    "ADM":"1220",
    "Reduced Applications":"62",
    "Free Applications":"372",
    "Needy %":"35.57%",
    "Grade Level":"06   08",
    "FIELD10":""
  },
  {
    "Agreement Number":"920",
    "Sponsor Name":"Wake County Schools",
    "Site Number":390,
    "Site Name":"Davis Drive Elementary",
    "ADM":"955",
    "Reduced Applications":"23",
    "Free Applications":"153",
    "Needy %":"18.43%",
    "Grade Level":"K   05",
    "FIELD10":""
  },
  {
    "Agreement Number":"920",
    "Sponsor Name":"Wake County Schools",
    "Site Number":391,
    "Site Name":"Davis Drive Middle",
    "ADM":"1179",
    "Reduced Applications":"24",
    "Free Applications":"175",
    "Needy %":"16.88%",
    "Grade Level":"06   08",
    "FIELD10":""
  },
  {
    "Agreement Number":"920",
    "Sponsor Name":"Wake County Schools",
    "Site Number":393,
    "Site Name":"Dillard Drive Elementary",
    "ADM":"698",
    "Reduced Applications":"257",
    "Free Applications":"289",
    "Needy %":"78.22%",
    "Grade Level":"K    05",
    "FIELD10":""
  },
  {
    "Agreement Number":"920",
    "Sponsor Name":"Wake County Schools",
    "Site Number":394,
    "Site Name":"Dillard Drive Middle",
    "ADM":"1172",
    "Reduced Applications":"90",
    "Free Applications":"498",
    "Needy %":"50.17%",
    "Grade Level":"06   08",
    "FIELD10":""
  },
  {
    "Agreement Number":"920",
    "Sponsor Name":"Wake County Schools",
    "Site Number":396,
    "Site Name":"Douglas Elementary",
    "ADM":"622",
    "Reduced Applications":"35",
    "Free Applications":"238",
    "Needy %":"43.89%",
    "Grade Level":"K    05",
    "FIELD10":""
  },
  {
    "Agreement Number":"920",
    "Sponsor Name":"Wake County Schools",
    "Site Number":398,
    "Site Name":"Durant Road Elementary",
    "ADM":"958",
    "Reduced Applications":"73",
    "Free Applications":"344",
    "Needy %":"43.53%",
    "Grade Level":"K    05",
    "FIELD10":""
  },
  {
    "Agreement Number":"920",
    "Sponsor Name":"Wake County Schools",
    "Site Number":399,
    "Site Name":"Durant Road Middle",
    "ADM":"1296",
    "Reduced Applications":"89",
    "Free Applications":"357",
    "Needy %":"34.41%",
    "Grade Level":"06   08",
    "FIELD10":""
  },
  {
    "Agreement Number":"920",
    "Sponsor Name":"Wake County Schools",
    "Site Number":400,
    "Site Name":"Reedy Creek Middle",
    "ADM":"811",
    "Reduced Applications":"78",
    "Free Applications":"322",
    "Needy %":"49.32%",
    "Grade Level":"06   08",
    "FIELD10":""
  },
  {
    "Agreement Number":"920",
    "Sponsor Name":"Wake County Schools",
    "Site Number":402,
    "Site Name":"East Cary Middle",
    "ADM":"858",
    "Reduced Applications":"53",
    "Free Applications":"180",
    "Needy %":"27.16%",
    "Grade Level":"06   08",
    "FIELD10":""
  },
  {
    "Agreement Number":"920",
    "Sponsor Name":"Wake County Schools",
    "Site Number":403,
    "Site Name":"East Garner Elementary",
    "ADM":"712",
    "Reduced Applications":"79",
    "Free Applications":"435",
    "Needy %":"72.19%",
    "Grade Level":"K    05",
    "FIELD10":""
  },
  {
    "Agreement Number":"920",
    "Sponsor Name":"Wake County Schools",
    "Site Number":404,
    "Site Name":"East Garner Middle",
    "ADM":"1124",
    "Reduced Applications":"153",
    "Free Applications":"505",
    "Needy %":"58.54%",
    "Grade Level":"06   08",
    "FIELD10":""
  },
  {
    "Agreement Number":"920",
    "Sponsor Name":"Wake County Schools",
    "Site Number":408,
    "Site Name":"East Millbrook Middle",
    "ADM":"1214",
    "Reduced Applications":"136",
    "Free Applications":"601",
    "Needy %":"60.71%",
    "Grade Level":"06   08",
    "FIELD10":""
  },
  {
    "Agreement Number":"920",
    "Sponsor Name":"Wake County Schools",
    "Site Number":410,
    "Site Name":"East Wake Middle",
    "ADM":"983",
    "Reduced Applications":"115",
    "Free Applications":"513",
    "Needy %":"63.89%",
    "Grade Level":"06   08",
    "FIELD10":""
  },
  {
    "Agreement Number":"920",
    "Sponsor Name":"Wake County Schools",
    "Site Number":411,
    "Site Name":"East Wake High",
    "ADM":" - ",
    "Reduced Applications":"142",
    "Free Applications":"683",
    "Needy %":"0.00%",
    "Grade Level":"09   12",
    "FIELD10":"**"
  },
  {
    "Agreement Number":"920",
    "Sponsor Name":"Wake County Schools",
    "Site Number":412,
    "Site Name":"William G Enloe High",
    "ADM":"2605",
    "Reduced Applications":"873",
    "Free Applications":"158",
    "Needy %":"39.58%",
    "Grade Level":"09   12",
    "FIELD10":""
  },
  {
    "Agreement Number":"920",
    "Sponsor Name":"Wake County Schools",
    "Site Number":413,
    "Site Name":"Forestville Road Elementary",
    "ADM":"675",
    "Reduced Applications":"88",
    "Free Applications":"343",
    "Needy %":"63.85%",
    "Grade Level":"K    05",
    "FIELD10":""
  },
  {
    "Agreement Number":"920",
    "Sponsor Name":"Wake County Schools",
    "Site Number":414,
    "Site Name":"Farmington Woods Elementary",
    "ADM":"806",
    "Reduced Applications":"44",
    "Free Applications":"261",
    "Needy %":"37.84%",
    "Grade Level":"K    05",
    "FIELD10":""
  },
  {
    "Agreement Number":"920",
    "Sponsor Name":"Wake County Schools",
    "Site Number":415,
    "Site Name":"Fox Road Elementary",
    "ADM":"845",
    "Reduced Applications":"113",
    "Free Applications":"521",
    "Needy %":"75.03%",
    "Grade Level":"K    05",
    "FIELD10":""
  },
  {
    "Agreement Number":"920",
    "Sponsor Name":"Wake County Schools",
    "Site Number":416,
    "Site Name":"Fuller Elementary",
    "ADM":"530",
    "Reduced Applications":"26",
    "Free Applications":"156",
    "Needy %":"34.34%",
    "Grade Level":"K    05",
    "FIELD10":""
  },
  {
    "Agreement Number":"920",
    "Sponsor Name":"Wake County Schools",
    "Site Number":417,
    "Site Name":"Forest Pines Elementary",
    "ADM":"777",
    "Reduced Applications":"56",
    "Free Applications":"213",
    "Needy %":"34.62%",
    "Grade Level":"K    05",
    "FIELD10":""
  },
  {
    "Agreement Number":"920",
    "Sponsor Name":"Wake County Schools",
    "Site Number":420,
    "Site Name":"Fuquay-Varina Elementary",
    "ADM":"748",
    "Reduced Applications":"66",
    "Free Applications":"241",
    "Needy %":"41.04%",
    "Grade Level":"K    05",
    "FIELD10":""
  },
  {
    "Agreement Number":"920",
    "Sponsor Name":"Wake County Schools",
    "Site Number":424,
    "Site Name":"Fuquay-Varina Middle",
    "ADM":"978",
    "Reduced Applications":"80",
    "Free Applications":"361",
    "Needy %":"45.09%",
    "Grade Level":"06   08",
    "FIELD10":""
  },
  {
    "Agreement Number":"920",
    "Sponsor Name":"Wake County Schools",
    "Site Number":428,
    "Site Name":"Fuquay-Varina High",
    "ADM":"1859",
    "Reduced Applications":"120",
    "Free Applications":"465",
    "Needy %":"31.47%",
    "Grade Level":"09   12",
    "FIELD10":""
  },
  {
    "Agreement Number":"920",
    "Sponsor Name":"Wake County Schools",
    "Site Number":436,
    "Site Name":"Garner High",
    "ADM":"2221",
    "Reduced Applications":"227",
    "Free Applications":"847",
    "Needy %":"48.36%",
    "Grade Level":"09   12",
    "FIELD10":""
  },
  {
    "Agreement Number":"920",
    "Sponsor Name":"Wake County Schools",
    "Site Number":438,
    "Site Name":"River Oaks Middle",
    "ADM":"48",
    "Reduced Applications":"3",
    "Free Applications":"14",
    "Needy %":"35.42%",
    "Grade Level":"06   08",
    "FIELD10":""
  },
  {
    "Agreement Number":"920",
    "Sponsor Name":"Wake County Schools",
    "Site Number":439,
    "Site Name":"Green Hope Elementary",
    "ADM":"872",
    "Reduced Applications":"26",
    "Free Applications":"116",
    "Needy %":"16.28%",
    "Grade Level":"K    05",
    "FIELD10":""
  },
  {
    "Agreement Number":"920",
    "Sponsor Name":"Wake County Schools",
    "Site Number":440,
    "Site Name":"Green Elementary",
    "ADM":"535",
    "Reduced Applications":"35",
    "Free Applications":"259",
    "Needy %":"54.95%",
    "Grade Level":"K    05",
    "FIELD10":""
  },
  {
    "Agreement Number":"920",
    "Sponsor Name":"Wake County Schools",
    "Site Number":441,
    "Site Name":"Green Hope High",
    "ADM":"1959",
    "Reduced Applications":"22",
    "Free Applications":"119",
    "Needy %":"7.20%",
    "Grade Level":"09   12",
    "FIELD10":""
  },
  {
    "Agreement Number":"920",
    "Sponsor Name":"Wake County Schools",
    "Site Number":442,
    "Site Name":"Hilburn Drive Elementary",
    "ADM":"514",
    "Reduced Applications":"67",
    "Free Applications":"225",
    "Needy %":"56.81%",
    "Grade Level":"K    05",
    "FIELD10":""
  },
  {
    "Agreement Number":"920",
    "Sponsor Name":"Wake County Schools",
    "Site Number":443,
    "Site Name":"Highcroft Elementary",
    "ADM":"766",
    "Reduced Applications":"14",
    "Free Applications":"78",
    "Needy %":"12.01%",
    "Grade Level":"K    05",
    "FIELD10":""
  },
  {
    "Agreement Number":"920",
    "Sponsor Name":"Wake County Schools",
    "Site Number":444,
    "Site Name":"Heritage Middle",
    "ADM":"1264",
    "Reduced Applications":"79",
    "Free Applications":"227",
    "Needy %":"24.21%",
    "Grade Level":"06   08",
    "FIELD10":""
  },
  {
    "Agreement Number":"920",
    "Sponsor Name":"Wake County Schools",
    "Site Number":446,
    "Site Name":"Hodge Road Elementary",
    "ADM":"742",
    "Reduced Applications":"67",
    "Free Applications":"492",
    "Needy %":"75.34%",
    "Grade Level":"K    05",
    "FIELD10":""
  },
  {
    "Agreement Number":"920",
    "Sponsor Name":"Wake County Schools",
    "Site Number":447,
    "Site Name":"Holly Springs Elementary",
    "ADM":"1066",
    "Reduced Applications":"55",
    "Free Applications":"149",
    "Needy %":"19.14%",
    "Grade Level":"K    05",
    "FIELD10":""
  },
  {
    "Agreement Number":"920",
    "Sponsor Name":"Wake County Schools",
    "Site Number":448,
    "Site Name":"Hunter Elementary",
    "ADM":"825",
    "Reduced Applications":"34",
    "Free Applications":"319",
    "Needy %":"42.79%",
    "Grade Level":"K    05",
    "FIELD10":""
  },
  {
    "Agreement Number":"920",
    "Sponsor Name":"Wake County Schools",
    "Site Number":449,
    "Site Name":"Holly Ridge Elementary",
    "ADM":"705",
    "Reduced Applications":"49",
    "Free Applications":"161",
    "Needy %":"29.79%",
    "Grade Level":"K    05",
    "FIELD10":""
  },
  {
    "Agreement Number":"920",
    "Sponsor Name":"Wake County Schools",
    "Site Number":450,
    "Site Name":"Holly Ridge Middle",
    "ADM":"1221",
    "Reduced Applications":"80",
    "Free Applications":"292",
    "Needy %":"30.47%",
    "Grade Level":"06   08",
    "FIELD10":""
  },
  {
    "Agreement Number":"920",
    "Sponsor Name":"Wake County Schools",
    "Site Number":451,
    "Site Name":"Harris Creek Elementary",
    "ADM":"838",
    "Reduced Applications":"68",
    "Free Applications":"249",
    "Needy %":"37.83%",
    "Grade Level":"K    05",
    "FIELD10":""
  },
  {
    "Agreement Number":"920",
    "Sponsor Name":"Wake County Schools",
    "Site Number":452,
    "Site Name":"Jeffreys Grove Elementary",
    "ADM":"476",
    "Reduced Applications":"29",
    "Free Applications":"178",
    "Needy %":"43.49%",
    "Grade Level":"K    05",
    "FIELD10":""
  },
  {
    "Agreement Number":"920",
    "Sponsor Name":"Wake County Schools",
    "Site Number":453,
    "Site Name":"Jones Dairy Elementary",
    "ADM":"814",
    "Reduced Applications":"42",
    "Free Applications":"150",
    "Needy %":"23.59%",
    "Grade Level":"K    05",
    "FIELD10":""
  },
  {
    "Agreement Number":"920",
    "Sponsor Name":"Wake County Schools",
    "Site Number":454,
    "Site Name":"Heritage Elementary",
    "ADM":"855",
    "Reduced Applications":"33",
    "Free Applications":"158",
    "Needy %":"22.34%",
    "Grade Level":"K    05",
    "FIELD10":""
  },
  {
    "Agreement Number":"920",
    "Sponsor Name":"Wake County Schools",
    "Site Number":455,
    "Site Name":"Holly Springs High",
    "ADM":"1795",
    "Reduced Applications":"101",
    "Free Applications":"301",
    "Needy %":"22.40%",
    "Grade Level":"09   12",
    "FIELD10":""
  },
  {
    "Agreement Number":"920",
    "Sponsor Name":"Wake County Schools",
    "Site Number":456,
    "Site Name":"Joyner Elementary",
    "ADM":"592",
    "Reduced Applications":"26",
    "Free Applications":"182",
    "Needy %":"35.14%",
    "Grade Level":"K    05",
    "FIELD10":""
  },
  {
    "Agreement Number":"920",
    "Sponsor Name":"Wake County Schools",
    "Site Number":457,
    "Site Name":"Holly Grove Elementary",
    "ADM":"780",
    "Reduced Applications":"39",
    "Free Applications":"165",
    "Needy %":"26.15%",
    "Grade Level":"K    05",
    "FIELD10":""
  },
  {
    "Agreement Number":"920",
    "Sponsor Name":"Wake County Schools",
    "Site Number":460,
    "Site Name":"Kingswood Elementary",
    "ADM":"346",
    "Reduced Applications":"53",
    "Free Applications":"141",
    "Needy %":"56.07%",
    "Grade Level":"K    05",
    "FIELD10":""
  },
  {
    "Agreement Number":"920",
    "Sponsor Name":"Wake County Schools",
    "Site Number":464,
    "Site Name":"Knightdale Elementary",
    "ADM":"532",
    "Reduced Applications":"82",
    "Free Applications":"285",
    "Needy %":"68.98%",
    "Grade Level":"K    05",
    "FIELD10":""
  },
  {
    "Agreement Number":"920",
    "Sponsor Name":"Wake County Schools",
    "Site Number":466,
    "Site Name":"Knightdale High",
    "ADM":"1874",
    "Reduced Applications":"183",
    "Free Applications":"731",
    "Needy %":"48.77%",
    "Grade Level":"09   12",
    "FIELD10":""
  },
  {
    "Agreement Number":"920",
    "Sponsor Name":"Wake County Schools",
    "Site Number":467,
    "Site Name":"Laurel Park Elementary",
    "ADM":"926",
    "Reduced Applications":"26",
    "Free Applications":"179",
    "Needy %":"22.14%",
    "Grade Level":"K    05",
    "FIELD10":""
  },
  {
    "Agreement Number":"920",
    "Sponsor Name":"Wake County Schools",
    "Site Number":468,
    "Site Name":"Lacy Elementary",
    "ADM":"829",
    "Reduced Applications":"27",
    "Free Applications":"250",
    "Needy %":"33.41%",
    "Grade Level":"K    05",
    "FIELD10":""
  },
  {
    "Agreement Number":"920",
    "Sponsor Name":"Wake County Schools",
    "Site Number":469,
    "Site Name":"Leesville Road Elementary",
    "ADM":"1071",
    "Reduced Applications":"21",
    "Free Applications":"128",
    "Needy %":"13.91%",
    "Grade Level":"K    05",
    "FIELD10":""
  },
  {
    "Agreement Number":"920",
    "Sponsor Name":"Wake County Schools",
    "Site Number":470,
    "Site Name":"Lead Mine Elementary",
    "ADM":"467",
    "Reduced Applications":"37",
    "Free Applications":"179",
    "Needy %":"46.25%",
    "Grade Level":"K    05",
    "FIELD10":""
  },
  {
    "Agreement Number":"920",
    "Sponsor Name":"Wake County Schools",
    "Site Number":471,
    "Site Name":"Leesville Road Middle",
    "ADM":"1265",
    "Reduced Applications":"74",
    "Free Applications":"453",
    "Needy %":"41.66%",
    "Grade Level":"06   08",
    "FIELD10":""
  },
  {
    "Agreement Number":"920",
    "Sponsor Name":"Wake County Schools",
    "Site Number":472,
    "Site Name":"Ligon Middle",
    "ADM":"1065",
    "Reduced Applications":"40",
    "Free Applications":"363",
    "Needy %":"37.84%",
    "Grade Level":"06   08",
    "FIELD10":""
  },
  {
    "Agreement Number":"920",
    "Sponsor Name":"Wake County Schools",
    "Site Number":473,
    "Site Name":"Leesville Road High",
    "ADM":"2426",
    "Reduced Applications":"94",
    "Free Applications":"435",
    "Needy %":"21.81%",
    "Grade Level":"09   12",
    "FIELD10":""
  },
  {
    "Agreement Number":"920",
    "Sponsor Name":"Wake County Schools",
    "Site Number":474,
    "Site Name":"Lake Myra Elementary",
    "ADM":"496",
    "Reduced Applications":"79",
    "Free Applications":"241",
    "Needy %":"64.52%",
    "Grade Level":"K    05",
    "FIELD10":""
  },
  {
    "Agreement Number":"920",
    "Sponsor Name":"Wake County Schools",
    "Site Number":476,
    "Site Name":"Lincoln Heights Elementary",
    "ADM":"552",
    "Reduced Applications":"44",
    "Free Applications":"186",
    "Needy %":"41.67%",
    "Grade Level":"K    05",
    "FIELD10":""
  },
  {
    "Agreement Number":"920",
    "Sponsor Name":"Wake County Schools",
    "Site Number":480,
    "Site Name":"Lockhart Elementary",
    "ADM":"740",
    "Reduced Applications":"88",
    "Free Applications":"355",
    "Needy %":"59.86%",
    "Grade Level":"K    05",
    "FIELD10":""
  },
  {
    "Agreement Number":"920",
    "Sponsor Name":"Wake County Schools",
    "Site Number":484,
    "Site Name":"Lufkin Road Middle",
    "ADM":"1170",
    "Reduced Applications":"42",
    "Free Applications":"126",
    "Needy %":"14.36%",
    "Grade Level":"06   08",
    "FIELD10":""
  },
  {
    "Agreement Number":"920",
    "Sponsor Name":"Wake County Schools",
    "Site Number":488,
    "Site Name":"Lynn Road Elementary",
    "ADM":"614",
    "Reduced Applications":"69",
    "Free Applications":"300",
    "Needy %":"60.10%",
    "Grade Level":"K    05",
    "FIELD10":""
  },
  {
    "Agreement Number":"920",
    "Sponsor Name":"Wake County Schools",
    "Site Number":492,
    "Site Name":"Martin Middle",
    "ADM":"1055",
    "Reduced Applications":"45",
    "Free Applications":"293",
    "Needy %":"32.04%",
    "Grade Level":"06   08",
    "FIELD10":""
  },
  {
    "Agreement Number":"920",
    "Sponsor Name":"Wake County Schools",
    "Site Number":494,
    "Site Name":"Middle Creek Elementary",
    "ADM":"968",
    "Reduced Applications":"27",
    "Free Applications":"209",
    "Needy %":"24.38%",
    "Grade Level":"K    05",
    "FIELD10":""
  },
  {
    "Agreement Number":"920",
    "Sponsor Name":"Wake County Schools",
    "Site Number":495,
    "Site Name":"Middle Creek High",
    "ADM":"1709",
    "Reduced Applications":"112",
    "Free Applications":"485",
    "Needy %":"34.93%",
    "Grade Level":"09   12",
    "FIELD10":""
  },
  {
    "Agreement Number":"920",
    "Sponsor Name":"Wake County Schools",
    "Site Number":496,
    "Site Name":"Millbrook Elementary",
    "ADM":"766",
    "Reduced Applications":"98",
    "Free Applications":"453",
    "Needy %":"71.93%",
    "Grade Level":"K    05",
    "FIELD10":""
  },
  {
    "Agreement Number":"920",
    "Sponsor Name":"Wake County Schools",
    "Site Number":500,
    "Site Name":"Millbrook High",
    "ADM":"2381",
    "Reduced Applications":"173",
    "Free Applications":"816",
    "Needy %":"41.54%",
    "Grade Level":"09   12",
    "FIELD10":""
  },
  {
    "Agreement Number":"920",
    "Sponsor Name":"Wake County Schools",
    "Site Number":501,
    "Site Name":"Mills Park Elementary",
    "ADM":"801",
    "Reduced Applications":"21",
    "Free Applications":"76",
    "Needy %":"12.11%",
    "Grade Level":"K    05",
    "FIELD10":""
  },
  {
    "Agreement Number":"920",
    "Sponsor Name":"Wake County Schools",
    "Site Number":504,
    "Site Name":"Morrisville Elementary",
    "ADM":"818",
    "Reduced Applications":"39",
    "Free Applications":"121",
    "Needy %":"19.56%",
    "Grade Level":"K    05",
    "FIELD10":""
  },
  {
    "Agreement Number":"920",
    "Sponsor Name":"Wake County Schools",
    "Site Number":506,
    "Site Name":"Moore Square Museum Magnet Mid",
    "ADM":"471",
    "Reduced Applications":"48",
    "Free Applications":"250",
    "Needy %":"63.27%",
    "Grade Level":"06   08",
    "FIELD10":""
  },
  {
    "Agreement Number":"920",
    "Sponsor Name":"Wake County Schools",
    "Site Number":508,
    "Site Name":"Mount Vernon",
    "ADM":"112",
    "Reduced Applications":"3",
    "Free Applications":"15",
    "Needy %":"16.07%",
    "Grade Level":"K    08",
    "FIELD10":""
  },
  {
    "Agreement Number":"920",
    "Sponsor Name":"Wake County Schools",
    "Site Number":512,
    "Site Name":"North Garner Middle",
    "ADM":"1236",
    "Reduced Applications":"117",
    "Free Applications":"514",
    "Needy %":"51.05%",
    "Grade Level":"06   08",
    "FIELD10":""
  },
  {
    "Agreement Number":"920",
    "Sponsor Name":"Wake County Schools",
    "Site Number":514,
    "Site Name":"North Forest Pines Elementary",
    "ADM":"836",
    "Reduced Applications":"33",
    "Free Applications":"231",
    "Needy %":"31.58%",
    "Grade Level":"K    05",
    "FIELD10":""
  },
  {
    "Agreement Number":"920",
    "Sponsor Name":"Wake County Schools",
    "Site Number":516,
    "Site Name":"North Ridge Elementary",
    "ADM":"769",
    "Reduced Applications":"52",
    "Free Applications":"308",
    "Needy %":"46.81%",
    "Grade Level":"K    05",
    "FIELD10":""
  },
  {
    "Agreement Number":"920",
    "Sponsor Name":"Wake County Schools",
    "Site Number":520,
    "Site Name":"Northwoods Elementary",
    "ADM":"541",
    "Reduced Applications":"36",
    "Free Applications":"176",
    "Needy %":"39.19%",
    "Grade Level":"K    05",
    "FIELD10":""
  },
  {
    "Agreement Number":"920",
    "Sponsor Name":"Wake County Schools",
    "Site Number":522,
    "Site Name":"Oak Grove Elementary",
    "ADM":"854",
    "Reduced Applications":"18",
    "Free Applications":"150",
    "Needy %":"19.67%",
    "Grade Level":"K    05",
    "FIELD10":""
  },
  {
    "Agreement Number":"920",
    "Sponsor Name":"Wake County Schools",
    "Site Number":523,
    "Site Name":"Olive Chapel Elementary",
    "ADM":"1030",
    "Reduced Applications":"25",
    "Free Applications":"150",
    "Needy %":"16.99%",
    "Grade Level":"K    05",
    "FIELD10":""
  },
  {
    "Agreement Number":"920",
    "Sponsor Name":"Wake County Schools",
    "Site Number":524,
    "Site Name":"Olds Elementary",
    "ADM":"316",
    "Reduced Applications":"11",
    "Free Applications":"77",
    "Needy %":"27.85%",
    "Grade Level":"K    05",
    "FIELD10":""
  },
  {
    "Agreement Number":"920",
    "Sponsor Name":"Wake County Schools",
    "Site Number":525,
    "Site Name":"Partnership Elementary",
    "ADM":"324",
    "Reduced Applications":"17",
    "Free Applications":"97",
    "Needy %":"35.19%",
    "Grade Level":"K    05",
    "FIELD10":""
  },
  {
    "Agreement Number":"920",
    "Sponsor Name":"Wake County Schools",
    "Site Number":526,
    "Site Name":"Panther Creek High",
    "ADM":"2213",
    "Reduced Applications":"70",
    "Free Applications":"230",
    "Needy %":"13.56%",
    "Grade Level":"09   12",
    "FIELD10":""
  },
  {
    "Agreement Number":"920",
    "Sponsor Name":"Wake County Schools",
    "Site Number":528,
    "Site Name":"Phillips High",
    "ADM":"147",
    "Reduced Applications":"38",
    "Free Applications":"7",
    "Needy %":"30.61%",
    "Grade Level":"09   12",
    "FIELD10":""
  },
  {
    "Agreement Number":"920",
    "Sponsor Name":"Wake County Schools",
    "Site Number":530,
    "Site Name":"Penny Road Elementary",
    "ADM":"636",
    "Reduced Applications":"13",
    "Free Applications":"164",
    "Needy %":"27.83%",
    "Grade Level":"K    05",
    "FIELD10":""
  },
  {
    "Agreement Number":"920",
    "Sponsor Name":"Wake County Schools",
    "Site Number":531,
    "Site Name":"Pleasant Union Elementary",
    "ADM":"675",
    "Reduced Applications":"21",
    "Free Applications":"71",
    "Needy %":"13.63%",
    "Grade Level":"K    05",
    "FIELD10":""
  },
  {
    "Agreement Number":"920",
    "Sponsor Name":"Wake County Schools",
    "Site Number":532,
    "Site Name":"Poe Elementary",
    "ADM":"340",
    "Reduced Applications":"27",
    "Free Applications":"163",
    "Needy %":"55.88%",
    "Grade Level":"K    05",
    "FIELD10":""
  },
  {
    "Agreement Number":"920",
    "Sponsor Name":"Wake County Schools",
    "Site Number":536,
    "Site Name":"Powell Elementary",
    "ADM":"424",
    "Reduced Applications":"45",
    "Free Applications":"236",
    "Needy %":"66.27%",
    "Grade Level":"K    05",
    "FIELD10":""
  },
  {
    "Agreement Number":"920",
    "Sponsor Name":"Wake County Schools",
    "Site Number":540,
    "Site Name":"Rand Road Elementary",
    "ADM":"607",
    "Reduced Applications":"63",
    "Free Applications":"151",
    "Needy %":"35.26%",
    "Grade Level":"K    05",
    "FIELD10":""
  },
  {
    "Agreement Number":"920",
    "Sponsor Name":"Wake County Schools",
    "Site Number":542,
    "Site Name":"Reedy Creek Elementary",
    "ADM":"649",
    "Reduced Applications":"58",
    "Free Applications":"240",
    "Needy %":"45.92%",
    "Grade Level":"K    05",
    "FIELD10":""
  },
  {
    "Agreement Number":"920",
    "Sponsor Name":"Wake County Schools",
    "Site Number":544,
    "Site Name":"Rolesville Elementary",
    "ADM":"622",
    "Reduced Applications":"53",
    "Free Applications":"202",
    "Needy %":"41.00%",
    "Grade Level":"K    05",
    "FIELD10":""
  },
  {
    "Agreement Number":"920",
    "Sponsor Name":"Wake County Schools",
    "Site Number":548,
    "Site Name":"Root Elementary",
    "ADM":"475",
    "Reduced Applications":"19",
    "Free Applications":"187",
    "Needy %":"43.37%",
    "Grade Level":"K    05",
    "FIELD10":""
  },
  {
    "Agreement Number":"920",
    "Sponsor Name":"Wake County Schools",
    "Site Number":550,
    "Site Name":"Salem Elementary",
    "ADM":"966",
    "Reduced Applications":"13",
    "Free Applications":"167",
    "Needy %":"18.63%",
    "Grade Level":"K    05",
    "FIELD10":""
  },
  {
    "Agreement Number":"920",
    "Sponsor Name":"Wake County Schools",
    "Site Number":551,
    "Site Name":"Salem Middle",
    "ADM":"1328",
    "Reduced Applications":"27",
    "Free Applications":"95",
    "Needy %":"9.19%",
    "Grade Level":"06   08",
    "FIELD10":""
  },
  {
    "Agreement Number":"920",
    "Sponsor Name":"Wake County Schools",
    "Site Number":552,
    "Site Name":"Sanderson High",
    "ADM":"1925",
    "Reduced Applications":"125",
    "Free Applications":"638",
    "Needy %":"39.64%",
    "Grade Level":"09   12",
    "FIELD10":""
  },
  {
    "Agreement Number":"920",
    "Sponsor Name":"Wake County Schools",
    "Site Number":554,
    "Site Name":"Sanford Creek Elementary",
    "ADM":"613",
    "Reduced Applications":"36",
    "Free Applications":"149",
    "Needy %":"30.18%",
    "Grade Level":"K    05",
    "FIELD10":""
  },
  {
    "Agreement Number":"920",
    "Sponsor Name":"Wake County Schools",
    "Site Number":560,
    "Site Name":"Smith Elementary",
    "ADM":"465",
    "Reduced Applications":"43",
    "Free Applications":"334",
    "Needy %":"81.08%",
    "Grade Level":"K    05",
    "FIELD10":""
  },
  {
    "Agreement Number":"920",
    "Sponsor Name":"Wake County Schools",
    "Site Number":562,
    "Site Name":"Southeast Raleigh High",
    "ADM":"1552",
    "Reduced Applications":"159",
    "Free Applications":"568",
    "Needy %":"46.84%",
    "Grade Level":"09   12",
    "FIELD10":""
  },
  {
    "Agreement Number":"920",
    "Sponsor Name":"Wake County Schools",
    "Site Number":564,
    "Site Name":"Stough Elementary",
    "ADM":"533",
    "Reduced Applications":"40",
    "Free Applications":"237",
    "Needy %":"51.97%",
    "Grade Level":"K    05",
    "FIELD10":""
  },
  {
    "Agreement Number":"920",
    "Sponsor Name":"Wake County Schools",
    "Site Number":568,
    "Site Name":"Swift Creek Elementary",
    "ADM":"486",
    "Reduced Applications":"25",
    "Free Applications":"117",
    "Needy %":"29.22%",
    "Grade Level":"K    05",
    "FIELD10":""
  },
  {
    "Agreement Number":"920",
    "Sponsor Name":"Wake County Schools",
    "Site Number":569,
    "Site Name":"Sycamore Creek Elementary",
    "ADM":"711",
    "Reduced Applications":"28",
    "Free Applications":"110",
    "Needy %":"19.41%",
    "Grade Level":"K    05",
    "FIELD10":""
  },
  {
    "Agreement Number":"920",
    "Sponsor Name":"Wake County Schools",
    "Site Number":570,
    "Site Name":"Timber Drive Elementary",
    "ADM":"832",
    "Reduced Applications":"77",
    "Free Applications":"362",
    "Needy %":"52.76%",
    "Grade Level":"K    05",
    "FIELD10":""
  },
  {
    "Agreement Number":"920",
    "Sponsor Name":"Wake County Schools",
    "Site Number":571,
    "Site Name":"Turner Creek Elementary",
    "ADM":"932",
    "Reduced Applications":"29",
    "Free Applications":"145",
    "Needy %":"18.67%",
    "Grade Level":"K    05",
    "FIELD10":""
  },
  {
    "Agreement Number":"920",
    "Sponsor Name":"Wake County Schools",
    "Site Number":572,
    "Site Name":"Underwood Elementary",
    "ADM":"521",
    "Reduced Applications":"15",
    "Free Applications":"151",
    "Needy %":"31.86%",
    "Grade Level":"K    05",
    "FIELD10":""
  },
  {
    "Agreement Number":"920",
    "Sponsor Name":"Wake County Schools",
    "Site Number":576,
    "Site Name":"Vance Elementary",
    "ADM":"607",
    "Reduced Applications":"36",
    "Free Applications":"173",
    "Needy %":"34.43%",
    "Grade Level":"K    05",
    "FIELD10":""
  },
  {
    "Agreement Number":"920",
    "Sponsor Name":"Wake County Schools",
    "Site Number":580,
    "Site Name":"Vandora Springs Elementary",
    "ADM":"521",
    "Reduced Applications":"44",
    "Free Applications":"236",
    "Needy %":"53.74%",
    "Grade Level":"K    05",
    "FIELD10":""
  },
  {
    "Agreement Number":"920",
    "Sponsor Name":"Wake County Schools ",
    "Site Number":583,
    "Site Name":"Wake Early College O",
    "ADM":"207",
    "Reduced Applications":" - ",
    "Free Applications":" - ",
    "Needy %":"0.00%",
    "Grade Level":"09   12",
    "FIELD10":"*"
  },
  {
    "Agreement Number":"920",
    "Sponsor Name":"Wake County Schools",
    "Site Number":584,
    "Site Name":"Wake Forest Elementary",
    "ADM":"616",
    "Reduced Applications":"52",
    "Free Applications":"208",
    "Needy %":"42.21%",
    "Grade Level":"K    05",
    "FIELD10":""
  },
  {
    "Agreement Number":"920",
    "Sponsor Name":"Wake County Schools",
    "Site Number":588,
    "Site Name":"Wake Forest-Rolesville High",
    "ADM":"1912",
    "Reduced Applications":"32",
    "Free Applications":"261",
    "Needy %":"15.32%",
    "Grade Level":"09   12",
    "FIELD10":""
  },
  {
    "Agreement Number":"920",
    "Sponsor Name":"Wake County Schools",
    "Site Number":592,
    "Site Name":"Wake Forest-Rolesville Mid",
    "ADM":"1161",
    "Reduced Applications":"108",
    "Free Applications":"408",
    "Needy %":"44.44%",
    "Grade Level":"06   08",
    "FIELD10":""
  },
  {
    "Agreement Number":"920",
    "Sponsor Name":"Wake County Schools",
    "Site Number":593,
    "Site Name":"Wakefield Elementary",
    "ADM":"831",
    "Reduced Applications":"39",
    "Free Applications":"286",
    "Needy %":"39.11%",
    "Grade Level":"K    05",
    "FIELD10":""
  },
  {
    "Agreement Number":"920",
    "Sponsor Name":"Wake County Schools",
    "Site Number":594,
    "Site Name":"Wakefield Middle",
    "ADM":"1198",
    "Reduced Applications":"49",
    "Free Applications":"203",
    "Needy %":"21.04%",
    "Grade Level":"06   08",
    "FIELD10":""
  },
  {
    "Agreement Number":"920",
    "Sponsor Name":"Wake County Schools",
    "Site Number":595,
    "Site Name":"Wakefield High",
    "ADM":"2754",
    "Reduced Applications":"163",
    "Free Applications":"606",
    "Needy %":"27.92%",
    "Grade Level":"09   12",
    "FIELD10":""
  },
  {
    "Agreement Number":"920",
    "Sponsor Name":"Wake County Schools",
    "Site Number":596,
    "Site Name":"Washington Elementary",
    "ADM":"600",
    "Reduced Applications":"21",
    "Free Applications":"234",
    "Needy %":"42.50%",
    "Grade Level":"K    05",
    "FIELD10":""
  },
  {
    "Agreement Number":"920",
    "Sponsor Name":"Wake County Schools",
    "Site Number":597,
    "Site Name":"Wakelon Elementary",
    "ADM":"520",
    "Reduced Applications":"47",
    "Free Applications":"364",
    "Needy %":"79.04%",
    "Grade Level":"K    05",
    "FIELD10":""
  },
  {
    "Agreement Number":"920",
    "Sponsor Name":"Wake County Schools",
    "Site Number":598,
    "Site Name":"Weatherstone Elementary",
    "ADM":"842",
    "Reduced Applications":"38",
    "Free Applications":"265",
    "Needy %":"35.99%",
    "Grade Level":"K    05",
    "FIELD10":""
  },
  {
    "Agreement Number":"920",
    "Sponsor Name":"Wake County Schools",
    "Site Number":600,
    "Site Name":"Wendell Elementary",
    "ADM":"437",
    "Reduced Applications":"53",
    "Free Applications":"203",
    "Needy %":"58.58%",
    "Grade Level":"K    05",
    "FIELD10":""
  },
  {
    "Agreement Number":"920",
    "Sponsor Name":"Wake County Schools",
    "Site Number":601,
    "Site Name":"Wendell Middle",
    "ADM":"860",
    "Reduced Applications":"93",
    "Free Applications":"427",
    "Needy %":"60.47%",
    "Grade Level":"06   08",
    "FIELD10":""
  },
  {
    "Agreement Number":"920",
    "Sponsor Name":"Wake County Schools",
    "Site Number":604,
    "Site Name":"West Cary Middle",
    "ADM":"1060",
    "Reduced Applications":"76",
    "Free Applications":"239",
    "Needy %":"29.72%",
    "Grade Level":"06   08",
    "FIELD10":""
  },
  {
    "Agreement Number":"920",
    "Sponsor Name":"Wake County Schools",
    "Site Number":606,
    "Site Name":"West Lake Elementary",
    "ADM":"779",
    "Reduced Applications":"30",
    "Free Applications":"221",
    "Needy %":"32.22%",
    "Grade Level":"K    05",
    "FIELD10":""
  },
  {
    "Agreement Number":"920",
    "Sponsor Name":"Wake County Schools",
    "Site Number":607,
    "Site Name":"West Lake Middle",
    "ADM":"1446",
    "Reduced Applications":"73",
    "Free Applications":"344",
    "Needy %":"28.84%",
    "Grade Level":"06   08",
    "FIELD10":""
  },
  {
    "Agreement Number":"920",
    "Sponsor Name":"Wake County Schools",
    "Site Number":608,
    "Site Name":"West Millbrook Middle",
    "ADM":"876",
    "Reduced Applications":"56",
    "Free Applications":"305",
    "Needy %":"41.21%",
    "Grade Level":"06   08",
    "FIELD10":""
  },
  {
    "Agreement Number":"920",
    "Sponsor Name":"Wake County Schools",
    "Site Number":616,
    "Site Name":"Wilburn Elementary",
    "ADM":"702",
    "Reduced Applications":"80",
    "Free Applications":"393",
    "Needy %":"67.38%",
    "Grade Level":"K    05",
    "FIELD10":""
  },
  {
    "Agreement Number":"920",
    "Sponsor Name":"Wake County Schools",
    "Site Number":618,
    "Site Name":"Wildwood Forest Elementary",
    "ADM":"742",
    "Reduced Applications":"67",
    "Free Applications":"250",
    "Needy %":"42.72%",
    "Grade Level":"K    05",
    "FIELD10":""
  },
  {
    "Agreement Number":"920",
    "Sponsor Name":"Wake County Schools",
    "Site Number":620,
    "Site Name":"Wiley Elementary",
    "ADM":"452",
    "Reduced Applications":"19",
    "Free Applications":"114",
    "Needy %":"29.42%",
    "Grade Level":"K    05",
    "FIELD10":""
  },
  {
    "Agreement Number":"920",
    "Sponsor Name":"Wake County Schools",
    "Site Number":624,
    "Site Name":"Willow Springs Elementary",
    "ADM":"897",
    "Reduced Applications":"78",
    "Free Applications":"222",
    "Needy %":"33.44%",
    "Grade Level":"K    05",
    "FIELD10":""
  },
  {
    "Agreement Number":"920",
    "Sponsor Name":"Wake County Schools",
    "Site Number":626,
    "Site Name":"Yates Mill Elementary",
    "ADM":"537",
    "Reduced Applications":"41",
    "Free Applications":"229",
    "Needy %":"50.28%",
    "Grade Level":"K    05",
    "FIELD10":""
  },
  {
    "Agreement Number":"920",
    "Sponsor Name":"Wake County Schools",
    "Site Number":628,
    "Site Name":"York Elementary",
    "ADM":"378",
    "Reduced Applications":"30",
    "Free Applications":"183",
    "Needy %":"56.35%",
    "Grade Level":"K    05",
    "FIELD10":""
  },
  {
    "Agreement Number":"920",
    "Sponsor Name":"Wake County Schools",
    "Site Number":632,
    "Site Name":"Zebulon Elementary",
    "ADM":"498",
    "Reduced Applications":"47",
    "Free Applications":"288",
    "Needy %":"67.27%",
    "Grade Level":"K    05",
    "FIELD10":""
  },
  {
    "Agreement Number":"920",
    "Sponsor Name":"Wake County Schools",
    "Site Number":636,
    "Site Name":"Zebulon Middle",
    "ADM":"557",
    "Reduced Applications":"59",
    "Free Applications":"303",
    "Needy %":"64.99%",
    "Grade Level":"06   08",
    "FIELD10":""
  }
]