[
  {
    "Agreement Number":920,
    "Sponsor Name":" WAKE COUNTY SCHOOLS  ",
    "Site Number":302,
    "Site Name":" RIVER BEND ELEMENTAR ",
    "ADM":643,
    "Reduced Applications":"72",
    "Free Applications":"342",
    "Needy %":"64.39%",
    "Grade Level":"K    05"
  },
  {
    "Agreement Number":920,
    "Sponsor Name":" WAKE COUNTY SCHOOLS  ",
    "Site Number":304,
    "Site Name":" ADAMS ELEMENTARY     ",
    "ADM":797,
    "Reduced Applications":"34",
    "Free Applications":"225",
    "Needy %":"32.50%",
    "Grade Level":"K    05"
  },
  {
    "Agreement Number":920,
    "Sponsor Name":" WAKE COUNTY SCHOOLS  ",
    "Site Number":306,
    "Site Name":" HERBERT AKINS RD ELE ",
    "ADM":771,
    "Reduced Applications":"37",
    "Free Applications":"214",
    "Needy %":"32.56%",
    "Grade Level":"K    05"
  },
  {
    "Agreement Number":920,
    "Sponsor Name":" WAKE COUNTY SCHOOLS  ",
    "Site Number":307,
    "Site Name":" ALSTON RIDGE ELEMENT ",
    "ADM":502,
    "Reduced Applications":"20",
    "Free Applications":"57",
    "Needy %":"15.34%",
    "Grade Level":"K    05"
  },
  {
    "Agreement Number":920,
    "Sponsor Name":" WAKE COUNTY SCHOOLS  ",
    "Site Number":308,
    "Site Name":" APEX ELEMENTARY      ",
    "ADM":671,
    "Reduced Applications":"38",
    "Free Applications":"202",
    "Needy %":"35.77%",
    "Grade Level":"K    05"
  },
  {
    "Agreement Number":920,
    "Sponsor Name":" WAKE COUNTY SCHOOLS  ",
    "Site Number":312,
    "Site Name":" APEX MIDDLE          ",
    "ADM":1043,
    "Reduced Applications":"42",
    "Free Applications":"220",
    "Needy %":"25.12%",
    "Grade Level":"06   08"
  },
  {
    "Agreement Number":920,
    "Sponsor Name":" WAKE COUNTY SCHOOLS  ",
    "Site Number":316,
    "Site Name":" APEX HIGH            ",
    "ADM":2293,
    "Reduced Applications":"47",
    "Free Applications":"234",
    "Needy %":"12.25%",
    "Grade Level":"09   12"
  },
  {
    "Agreement Number":920,
    "Sponsor Name":" WAKE COUNTY SCHOOLS  ",
    "Site Number":318,
    "Site Name":" ATHENS DRIVE HIGH    ",
    "ADM":1870,
    "Reduced Applications":"78",
    "Free Applications":"622",
    "Needy %":"37.43%",
    "Grade Level":"09   12"
  },
  {
    "Agreement Number":920,
    "Sponsor Name":" WAKE COUNTY SCHOOLS  ",
    "Site Number":320,
    "Site Name":" AVERSBORO ELEMENTARY ",
    "ADM":551,
    "Reduced Applications":"52",
    "Free Applications":"307",
    "Needy %":"65.15%",
    "Grade Level":"K    05"
  },
  {
    "Agreement Number":920,
    "Sponsor Name":" WAKE COUNTY SCHOOLS  ",
    "Site Number":324,
    "Site Name":" LONGVIEW             ",
    "ADM":107,
    "Reduced Applications":"5",
    "Free Applications":"33",
    "Needy %":"35.51%",
    "Grade Level":"06   12"
  },
  {
    "Agreement Number":920,
    "Sponsor Name":" WAKE COUNTY SCHOOLS  ",
    "Site Number":325,
    "Site Name":" BANKS RD ELEMENTARY  ",
    "ADM":663,
    "Reduced Applications":"23",
    "Free Applications":"248",
    "Needy %":"40.87%",
    "Grade Level":"K    05"
  },
  {
    "Agreement Number":920,
    "Sponsor Name":" WAKE COUNTY SCHOOLS  ",
    "Site Number":326,
    "Site Name":" BAILEYWICK ROAD ELEM ",
    "ADM":441,
    "Reduced Applications":"16",
    "Free Applications":"211",
    "Needy %":"51.47%",
    "Grade Level":"K    05"
  },
  {
    "Agreement Number":920,
    "Sponsor Name":" WAKE COUNTY SCHOOLS  ",
    "Site Number":327,
    "Site Name":" BALLENTINE ELEMENTAR ",
    "ADM":651,
    "Reduced Applications":"21",
    "Free Applications":"165",
    "Needy %":"28.57%",
    "Grade Level":"K    05"
  },
  {
    "Agreement Number":920,
    "Sponsor Name":" WAKE COUNTY SCHOOLS  ",
    "Site Number":328,
    "Site Name":" BAUCOM ELEMENTARY    ",
    "ADM":821,
    "Reduced Applications":"35",
    "Free Applications":"174",
    "Needy %":"25.46%",
    "Grade Level":"K    05"
  },
  {
    "Agreement Number":920,
    "Sponsor Name":" WAKE COUNTY SCHOOLS  ",
    "Site Number":329,
    "Site Name":" BARWELL ROAD ELEMENT ",
    "ADM":776,
    "Reduced Applications":"101",
    "Free Applications":"498",
    "Needy %":"77.19%",
    "Grade Level":"K    05"
  },
  {
    "Agreement Number":920,
    "Sponsor Name":" WAKE COUNTY SCHOOLS  ",
    "Site Number":334,
    "Site Name":" BRASSFIELD ELEMENTAR ",
    "ADM":755,
    "Reduced Applications":"11",
    "Free Applications":"104",
    "Needy %":"15.23%",
    "Grade Level":"K    05"
  },
  {
    "Agreement Number":920,
    "Sponsor Name":" WAKE COUNTY SCHOOLS  ",
    "Site Number":336,
    "Site Name":" BRENTWOOD ELEMENTARY ",
    "ADM":400,
    "Reduced Applications":"48",
    "Free Applications":"340",
    "Needy %":"97.00%",
    "Grade Level":"K    05"
  },
  {
    "Agreement Number":920,
    "Sponsor Name":" WAKE COUNTY SCHOOLS  ",
    "Site Number":340,
    "Site Name":" BRIARCLIFF ELEMENTAR ",
    "ADM":568,
    "Reduced Applications":"39",
    "Free Applications":"224",
    "Needy %":"46.30%",
    "Grade Level":"K    05"
  },
  {
    "Agreement Number":920,
    "Sponsor Name":" WAKE COUNTY SCHOOLS  ",
    "Site Number":342,
    "Site Name":" BRIER CREEK ELEMENTA ",
    "ADM":782,
    "Reduced Applications":"24",
    "Free Applications":"151",
    "Needy %":"22.38%",
    "Grade Level":"K    05"
  },
  {
    "Agreement Number":920,
    "Sponsor Name":" WAKE COUNTY SCHOOLS  ",
    "Site Number":344,
    "Site Name":" BROOKS ELEMENTARY    ",
    "ADM":574,
    "Reduced Applications":"25",
    "Free Applications":"172",
    "Needy %":"34.32%",
    "Grade Level":"K    05"
  },
  {
    "Agreement Number":920,
    "Sponsor Name":" WAKE COUNTY SCHOOLS  ",
    "Site Number":348,
    "Site Name":" NEEDHAM BROUGHTON HI ",
    "ADM":2104,
    "Reduced Applications":"98",
    "Free Applications":"683",
    "Needy %":"37.12%",
    "Grade Level":"09   12"
  },
  {
    "Agreement Number":920,
    "Sponsor Name":" WAKE COUNTY SCHOOLS  ",
    "Site Number":352,
    "Site Name":" BUGG ELEMENTARY      ",
    "ADM":488,
    "Reduced Applications":"63",
    "Free Applications":"281",
    "Needy %":"70.49%",
    "Grade Level":"K    05"
  },
  {
    "Agreement Number":920,
    "Sponsor Name":" WAKE COUNTY SCHOOLS  ",
    "Site Number":356,
    "Site Name":" CARNAGE MIDDLE       ",
    "ADM":1118,
    "Reduced Applications":"80",
    "Free Applications":"419",
    "Needy %":"44.63%",
    "Grade Level":"06   08"
  },
  {
    "Agreement Number":920,
    "Sponsor Name":" WAKE COUNTY SCHOOLS  ",
    "Site Number":358,
    "Site Name":" CARPENTER ELEMENTARY ",
    "ADM":732,
    "Reduced Applications":"146",
    "Free Applications":"148",
    "Needy %":"40.16%",
    "Grade Level":"K    05"
  },
  {
    "Agreement Number":920,
    "Sponsor Name":" WAKE COUNTY SCHOOLS  ",
    "Site Number":360,
    "Site Name":" CARROLL MIDDLE       ",
    "ADM":680,
    "Reduced Applications":"58",
    "Free Applications":"368",
    "Needy %":"62.65%",
    "Grade Level":"06   08"
  },
  {
    "Agreement Number":920,
    "Sponsor Name":" WAKE COUNTY SCHOOLS  ",
    "Site Number":362,
    "Site Name":" CARVER ELEMENTARY    ",
    "ADM":443,
    "Reduced Applications":"20",
    "Free Applications":"362",
    "Needy %":"86.23%",
    "Grade Level":"K    05"
  },
  {
    "Agreement Number":920,
    "Sponsor Name":" WAKE COUNTY SCHOOLS  ",
    "Site Number":364,
    "Site Name":" CARY ELEMENTARY      ",
    "ADM":484,
    "Reduced Applications":"30",
    "Free Applications":"169",
    "Needy %":"41.12%",
    "Grade Level":"K    05"
  },
  {
    "Agreement Number":920,
    "Sponsor Name":" WAKE COUNTY SCHOOLS  ",
    "Site Number":368,
    "Site Name":" CARY HIGH            ",
    "ADM":2210,
    "Reduced Applications":"146",
    "Free Applications":"625",
    "Needy %":"34.89%",
    "Grade Level":"09   12"
  },
  {
    "Agreement Number":920,
    "Sponsor Name":" WAKE COUNTY SCHOOLS  ",
    "Site Number":369,
    "Site Name":" CEDAR FORK ELEMENTAR ",
    "ADM":854,
    "Reduced Applications":"31",
    "Free Applications":"77",
    "Needy %":"12.65%",
    "Grade Level":"K    05"
  },
  {
    "Agreement Number":920,
    "Sponsor Name":" WAKE COUNTY SCHOOLS  ",
    "Site Number":370,
    "Site Name":" CENTENNIAL CAMPUS MI ",
    "ADM":604,
    "Reduced Applications":"46",
    "Free Applications":"231",
    "Needy %":"45.86%",
    "Grade Level":"06   08"
  },
  {
    "Agreement Number":920,
    "Sponsor Name":" WAKE COUNTY SCHOOLS  ",
    "Site Number":376,
    "Site Name":" COMBS ELEMENTARY     ",
    "ADM":803,
    "Reduced Applications":"35",
    "Free Applications":"233",
    "Needy %":"33.37%",
    "Grade Level":"K    05"
  },
  {
    "Agreement Number":920,
    "Sponsor Name":" WAKE COUNTY SCHOOLS  ",
    "Site Number":380,
    "Site Name":" CONN ELEMENTARY      ",
    "ADM":585,
    "Reduced Applications":"38",
    "Free Applications":"251",
    "Needy %":"49.40%",
    "Grade Level":"K    05"
  },
  {
    "Agreement Number":920,
    "Sponsor Name":" WAKE COUNTY SCHOOLS  ",
    "Site Number":384,
    "Site Name":" CREECH ROAD ELEMENTA ",
    "ADM":488,
    "Reduced Applications":"41",
    "Free Applications":"371",
    "Needy %":"84.43%",
    "Grade Level":"K    05"
  },
  {
    "Agreement Number":920,
    "Sponsor Name":" WAKE COUNTY SCHOOLS  ",
    "Site Number":388,
    "Site Name":" DANIELS MIDDLE       ",
    "ADM":1093,
    "Reduced Applications":"53",
    "Free Applications":"351",
    "Needy %":"36.96%",
    "Grade Level":"06   08"
  },
  {
    "Agreement Number":920,
    "Sponsor Name":" WAKE COUNTY SCHOOLS  ",
    "Site Number":390,
    "Site Name":" DAVIS DRIVE ELEMENTA ",
    "ADM":938,
    "Reduced Applications":"31",
    "Free Applications":"180",
    "Needy %":"22.49%",
    "Grade Level":"K   05"
  },
  {
    "Agreement Number":920,
    "Sponsor Name":" WAKE COUNTY SCHOOLS  ",
    "Site Number":391,
    "Site Name":" DAVIS DRIVE MIDDLE   ",
    "ADM":1179,
    "Reduced Applications":"27",
    "Free Applications":"206",
    "Needy %":"19.76%",
    "Grade Level":"06   08"
  },
  {
    "Agreement Number":920,
    "Sponsor Name":" WAKE COUNTY SCHOOLS  ",
    "Site Number":393,
    "Site Name":" DILLARD DRIVE ELEMEN ",
    "ADM":798,
    "Reduced Applications":"63",
    "Free Applications":"392",
    "Needy %":"57.02%",
    "Grade Level":"K    05"
  },
  {
    "Agreement Number":920,
    "Sponsor Name":" WAKE COUNTY SCHOOLS  ",
    "Site Number":394,
    "Site Name":" DILLARD DRIVE MIDDLE ",
    "ADM":1182,
    "Reduced Applications":"71",
    "Free Applications":"502",
    "Needy %":"48.48%",
    "Grade Level":"06   08"
  },
  {
    "Agreement Number":920,
    "Sponsor Name":" WAKE COUNTY SCHOOLS  ",
    "Site Number":396,
    "Site Name":" DOUGLAS ELEMENTARY   ",
    "ADM":679,
    "Reduced Applications":"28",
    "Free Applications":"265",
    "Needy %":"43.15%",
    "Grade Level":"K    05"
  },
  {
    "Agreement Number":920,
    "Sponsor Name":" WAKE COUNTY SCHOOLS  ",
    "Site Number":398,
    "Site Name":" DURANT ROAD ELEMENTA ",
    "ADM":992,
    "Reduced Applications":"53",
    "Free Applications":"330",
    "Needy %":"38.61%",
    "Grade Level":"K    05"
  },
  {
    "Agreement Number":920,
    "Sponsor Name":" WAKE COUNTY SCHOOLS  ",
    "Site Number":399,
    "Site Name":" DURANT ROAD MIDDLE   ",
    "ADM":1366,
    "Reduced Applications":"64",
    "Free Applications":"354",
    "Needy %":"30.60%",
    "Grade Level":"06   08"
  },
  {
    "Agreement Number":920,
    "Sponsor Name":" WAKE COUNTY SCHOOLS  ",
    "Site Number":400,
    "Site Name":" REEDY CREEK MIDDLE   ",
    "ADM":881,
    "Reduced Applications":"69",
    "Free Applications":"343",
    "Needy %":"46.77%",
    "Grade Level":"06   08"
  },
  {
    "Agreement Number":920,
    "Sponsor Name":" WAKE COUNTY SCHOOLS  ",
    "Site Number":402,
    "Site Name":" EAST CARY MIDDLE     ",
    "ADM":808,
    "Reduced Applications":"45",
    "Free Applications":"182",
    "Needy %":"28.09%",
    "Grade Level":"06   08"
  },
  {
    "Agreement Number":920,
    "Sponsor Name":" WAKE COUNTY SCHOOLS  ",
    "Site Number":403,
    "Site Name":" EAST GARNER ELEMENTA ",
    "ADM":698,
    "Reduced Applications":"59",
    "Free Applications":"396",
    "Needy %":"65.19%",
    "Grade Level":"K    05"
  },
  {
    "Agreement Number":920,
    "Sponsor Name":" WAKE COUNTY SCHOOLS  ",
    "Site Number":404,
    "Site Name":" EAST GARNER MIDDLE   ",
    "ADM":1159,
    "Reduced Applications":"113",
    "Free Applications":"586",
    "Needy %":"60.31%",
    "Grade Level":"06   08"
  },
  {
    "Agreement Number":920,
    "Sponsor Name":" WAKE COUNTY SCHOOLS  ",
    "Site Number":408,
    "Site Name":" EAST MILLBROOK MIDDL ",
    "ADM":1165,
    "Reduced Applications":"118",
    "Free Applications":"631",
    "Needy %":"64.29%",
    "Grade Level":"06   08"
  },
  {
    "Agreement Number":920,
    "Sponsor Name":" WAKE COUNTY SCHOOLS  ",
    "Site Number":410,
    "Site Name":" EAST WAKE MIDDLE     ",
    "ADM":961,
    "Reduced Applications":"82",
    "Free Applications":"494",
    "Needy %":"59.94%",
    "Grade Level":"06   08"
  },
  {
    "Agreement Number":920,
    "Sponsor Name":" WAKE COUNTY SCHOOLS  ",
    "Site Number":412,
    "Site Name":" WILLIAM G ENLOE HIGH ",
    "ADM":2574,
    "Reduced Applications":"140",
    "Free Applications":"1025",
    "Needy %":"45.26%",
    "Grade Level":"09   12"
  },
  {
    "Agreement Number":920,
    "Sponsor Name":" WAKE COUNTY SCHOOLS  ",
    "Site Number":413,
    "Site Name":" FORESTVILLE ROAD ELE ",
    "ADM":652,
    "Reduced Applications":"58",
    "Free Applications":"353",
    "Needy %":"63.04%",
    "Grade Level":"K    05"
  },
  {
    "Agreement Number":920,
    "Sponsor Name":" WAKE COUNTY SCHOOLS  ",
    "Site Number":414,
    "Site Name":" FARMINGTON WOODS ELE ",
    "ADM":846,
    "Reduced Applications":"28",
    "Free Applications":"272",
    "Needy %":"35.46%",
    "Grade Level":"K    05"
  },
  {
    "Agreement Number":920,
    "Sponsor Name":" WAKE COUNTY SCHOOLS  ",
    "Site Number":415,
    "Site Name":" FOX ROAD ELEMENTARY  ",
    "ADM":845,
    "Reduced Applications":"78",
    "Free Applications":"582",
    "Needy %":"78.11%",
    "Grade Level":"K    05"
  },
  {
    "Agreement Number":920,
    "Sponsor Name":" WAKE COUNTY SCHOOLS  ",
    "Site Number":416,
    "Site Name":" FULLER ELEMENTARY    ",
    "ADM":521,
    "Reduced Applications":"15",
    "Free Applications":"180",
    "Needy %":"37.43%",
    "Grade Level":"K    05"
  },
  {
    "Agreement Number":920,
    "Sponsor Name":" WAKE COUNTY SCHOOLS  ",
    "Site Number":417,
    "Site Name":" FOREST PINES ELEMENT ",
    "ADM":747,
    "Reduced Applications":"43",
    "Free Applications":"248",
    "Needy %":"38.96%",
    "Grade Level":"K    05"
  },
  {
    "Agreement Number":920,
    "Sponsor Name":" WAKE COUNTY SCHOOLS  ",
    "Site Number":420,
    "Site Name":" FUQUAY-VARINA ELEMEN ",
    "ADM":743,
    "Reduced Applications":"49",
    "Free Applications":"285",
    "Needy %":"44.95%",
    "Grade Level":"K    05"
  },
  {
    "Agreement Number":920,
    "Sponsor Name":" WAKE COUNTY SCHOOLS  ",
    "Site Number":424,
    "Site Name":" FUQUAY-VARINA MIDDLE ",
    "ADM":896,
    "Reduced Applications":"64",
    "Free Applications":"338",
    "Needy %":"44.87%",
    "Grade Level":"06   08"
  },
  {
    "Agreement Number":920,
    "Sponsor Name":" WAKE COUNTY SCHOOLS  ",
    "Site Number":428,
    "Site Name":" FUQUAY-VARINA HIGH   ",
    "ADM":1915,
    "Reduced Applications":"87",
    "Free Applications":"517",
    "Needy %":"31.54%",
    "Grade Level":"09   12"
  },
  {
    "Agreement Number":920,
    "Sponsor Name":" WAKE COUNTY SCHOOLS  ",
    "Site Number":436,
    "Site Name":" GARNER HIGH          ",
    "ADM":2215,
    "Reduced Applications":"184",
    "Free Applications":"840",
    "Needy %":"46.23%",
    "Grade Level":"09   12"
  },
  {
    "Agreement Number":920,
    "Sponsor Name":" WAKE COUNTY SCHOOLS  ",
    "Site Number":438,
    "Site Name":" RIVER OAKS MIDDLE    ",
    "ADM":49,
    "Reduced Applications":"2",
    "Free Applications":"15",
    "Needy %":"34.69%",
    "Grade Level":"06   08"
  },
  {
    "Agreement Number":920,
    "Sponsor Name":" WAKE COUNTY SCHOOLS  ",
    "Site Number":439,
    "Site Name":" GREEN HOPE ELEMENTAR ",
    "ADM":851,
    "Reduced Applications":"35",
    "Free Applications":"176",
    "Needy %":"24.79%",
    "Grade Level":"K    05"
  },
  {
    "Agreement Number":920,
    "Sponsor Name":" WAKE COUNTY SCHOOLS  ",
    "Site Number":440,
    "Site Name":" GREEN ELEMENTARY     ",
    "ADM":508,
    "Reduced Applications":"37",
    "Free Applications":"258",
    "Needy %":"58.07%",
    "Grade Level":"K    05"
  },
  {
    "Agreement Number":920,
    "Sponsor Name":" WAKE COUNTY SCHOOLS  ",
    "Site Number":441,
    "Site Name":" GREEN HOPE HIGH      ",
    "ADM":2009,
    "Reduced Applications":"25",
    "Free Applications":"142",
    "Needy %":"8.31%",
    "Grade Level":"09   12"
  },
  {
    "Agreement Number":920,
    "Sponsor Name":" WAKE COUNTY SCHOOLS  ",
    "Site Number":442,
    "Site Name":" HILBURN DRIVE ELEMEN ",
    "ADM":483,
    "Reduced Applications":"51",
    "Free Applications":"234",
    "Needy %":"59.01%",
    "Grade Level":"K    05"
  },
  {
    "Agreement Number":920,
    "Sponsor Name":" WAKE COUNTY SCHOOLS  ",
    "Site Number":443,
    "Site Name":" HIGHCROFT ELEMENTARY ",
    "ADM":776,
    "Reduced Applications":"9",
    "Free Applications":"48",
    "Needy %":"7.35%",
    "Grade Level":"K    05"
  },
  {
    "Agreement Number":920,
    "Sponsor Name":" WAKE COUNTY SCHOOLS  ",
    "Site Number":444,
    "Site Name":" HERITAGE MIDDLE      ",
    "ADM":1401,
    "Reduced Applications":"50",
    "Free Applications":"195",
    "Needy %":"17.49%",
    "Grade Level":"06   08"
  },
  {
    "Agreement Number":920,
    "Sponsor Name":" WAKE COUNTY SCHOOLS  ",
    "Site Number":445,
    "Site Name":" HERITAGE HIGH        ",
    "ADM":815,
    "Reduced Applications":"52",
    "Free Applications":"276",
    "Needy %":"40.25%",
    "Grade Level":"09   12"
  },
  {
    "Agreement Number":920,
    "Sponsor Name":" WAKE COUNTY SCHOOLS  ",
    "Site Number":446,
    "Site Name":" HODGE ROAD ELEMENTAR ",
    "ADM":743,
    "Reduced Applications":"39",
    "Free Applications":"484",
    "Needy %":"70.39%",
    "Grade Level":"K    05"
  },
  {
    "Agreement Number":920,
    "Sponsor Name":" WAKE COUNTY SCHOOLS  ",
    "Site Number":447,
    "Site Name":" HOLLY SPRINGS ELEMEN ",
    "ADM":1066,
    "Reduced Applications":"45",
    "Free Applications":"125",
    "Needy %":"15.95%",
    "Grade Level":"K    05"
  },
  {
    "Agreement Number":920,
    "Sponsor Name":" WAKE COUNTY SCHOOLS  ",
    "Site Number":448,
    "Site Name":" HUNTER ELEMENTARY    ",
    "ADM":736,
    "Reduced Applications":"15",
    "Free Applications":"315",
    "Needy %":"44.84%",
    "Grade Level":"K    05"
  },
  {
    "Agreement Number":920,
    "Sponsor Name":" WAKE COUNTY SCHOOLS  ",
    "Site Number":449,
    "Site Name":" HOLLY RIDGE ELEMENTA ",
    "ADM":729,
    "Reduced Applications":"36",
    "Free Applications":"192",
    "Needy %":"31.28%",
    "Grade Level":"K    05"
  },
  {
    "Agreement Number":920,
    "Sponsor Name":" WAKE COUNTY SCHOOLS  ",
    "Site Number":450,
    "Site Name":" HOLLY RIDGE MIDDLE   ",
    "ADM":1016,
    "Reduced Applications":"60",
    "Free Applications":"260",
    "Needy %":"31.50%",
    "Grade Level":"06   08"
  },
  {
    "Agreement Number":920,
    "Sponsor Name":" WAKE COUNTY SCHOOLS  ",
    "Site Number":451,
    "Site Name":" HARRIS CREEK ELEMENT ",
    "ADM":843,
    "Reduced Applications":"53",
    "Free Applications":"232",
    "Needy %":"33.81%",
    "Grade Level":"K    05"
  },
  {
    "Agreement Number":920,
    "Sponsor Name":" WAKE COUNTY SCHOOLS  ",
    "Site Number":452,
    "Site Name":" JEFFREYS GROVE ELEME ",
    "ADM":530,
    "Reduced Applications":"34",
    "Free Applications":"207",
    "Needy %":"45.47%",
    "Grade Level":"K    05"
  },
  {
    "Agreement Number":920,
    "Sponsor Name":" WAKE COUNTY SCHOOLS  ",
    "Site Number":453,
    "Site Name":" JONES DAIRY ELEMENTA ",
    "ADM":839,
    "Reduced Applications":"41",
    "Free Applications":"157",
    "Needy %":"23.60%",
    "Grade Level":"K    05"
  },
  {
    "Agreement Number":920,
    "Sponsor Name":" WAKE COUNTY SCHOOLS  ",
    "Site Number":454,
    "Site Name":" HERITAGE ELEMENTARY  ",
    "ADM":897,
    "Reduced Applications":"17",
    "Free Applications":"158",
    "Needy %":"19.51%",
    "Grade Level":"K    05"
  },
  {
    "Agreement Number":920,
    "Sponsor Name":" WAKE COUNTY SCHOOLS  ",
    "Site Number":455,
    "Site Name":" HOLLY SPRINGS HIGH   ",
    "ADM":1969,
    "Reduced Applications":"104",
    "Free Applications":"370",
    "Needy %":"24.07%",
    "Grade Level":"09   12"
  },
  {
    "Agreement Number":920,
    "Sponsor Name":" WAKE COUNTY SCHOOLS  ",
    "Site Number":456,
    "Site Name":" JOYNER ELEMENTARY    ",
    "ADM":659,
    "Reduced Applications":"22",
    "Free Applications":"195",
    "Needy %":"32.93%",
    "Grade Level":"K    05"
  },
  {
    "Agreement Number":920,
    "Sponsor Name":" WAKE COUNTY SCHOOLS  ",
    "Site Number":457,
    "Site Name":" HOLLY GROVE ELEMENTA ",
    "ADM":855,
    "Reduced Applications":"31",
    "Free Applications":"103",
    "Needy %":"15.67%",
    "Grade Level":"K    05"
  },
  {
    "Agreement Number":920,
    "Sponsor Name":" WAKE COUNTY SCHOOLS  ",
    "Site Number":458,
    "Site Name":" HOLLY GROVE MIDDLE   ",
    "ADM":952,
    "Reduced Applications":"32",
    "Free Applications":"226",
    "Needy %":"27.10%",
    "Grade Level":"06   08"
  },
  {
    "Agreement Number":920,
    "Sponsor Name":" WAKE COUNTY SCHOOLS  ",
    "Site Number":460,
    "Site Name":" KINGSWOOD ELEMENTARY ",
    "ADM":347,
    "Reduced Applications":"41",
    "Free Applications":"179",
    "Needy %":"63.40%",
    "Grade Level":"K    05"
  },
  {
    "Agreement Number":920,
    "Sponsor Name":" WAKE COUNTY SCHOOLS  ",
    "Site Number":464,
    "Site Name":" KNIGHTDALE ELEMENTAR ",
    "ADM":581,
    "Reduced Applications":"62",
    "Free Applications":"326",
    "Needy %":"66.78%",
    "Grade Level":"K    05"
  },
  {
    "Agreement Number":920,
    "Sponsor Name":" WAKE COUNTY SCHOOLS  ",
    "Site Number":466,
    "Site Name":" KNIGHTDALE HIGH      ",
    "ADM":1701,
    "Reduced Applications":"184",
    "Free Applications":"690",
    "Needy %":"51.38%",
    "Grade Level":"09   12"
  },
  {
    "Agreement Number":920,
    "Sponsor Name":" WAKE COUNTY SCHOOLS  ",
    "Site Number":467,
    "Site Name":" LAUREL PARK ELEMENTA ",
    "ADM":918,
    "Reduced Applications":"23",
    "Free Applications":"123",
    "Needy %":"15.90%",
    "Grade Level":"K    05"
  },
  {
    "Agreement Number":920,
    "Sponsor Name":" WAKE COUNTY SCHOOLS  ",
    "Site Number":468,
    "Site Name":" LACY ELEMENTARY      ",
    "ADM":846,
    "Reduced Applications":"25",
    "Free Applications":"271",
    "Needy %":"34.99%",
    "Grade Level":"K    05"
  },
  {
    "Agreement Number":920,
    "Sponsor Name":" WAKE COUNTY SCHOOLS  ",
    "Site Number":469,
    "Site Name":" LEESVILLE ROAD ELEME ",
    "ADM":906,
    "Reduced Applications":"22",
    "Free Applications":"146",
    "Needy %":"18.54%",
    "Grade Level":"K    05"
  },
  {
    "Agreement Number":920,
    "Sponsor Name":" WAKE COUNTY SCHOOLS  ",
    "Site Number":470,
    "Site Name":" LEAD MINE ELEMENTARY ",
    "ADM":488,
    "Reduced Applications":"33",
    "Free Applications":"169",
    "Needy %":"41.39%",
    "Grade Level":"K    05"
  },
  {
    "Agreement Number":920,
    "Sponsor Name":" WAKE COUNTY SCHOOLS  ",
    "Site Number":471,
    "Site Name":" LEESVILLE ROAD MIDDL ",
    "ADM":1318,
    "Reduced Applications":"78",
    "Free Applications":"518",
    "Needy %":"45.22%",
    "Grade Level":"06   08"
  },
  {
    "Agreement Number":920,
    "Sponsor Name":" WAKE COUNTY SCHOOLS  ",
    "Site Number":472,
    "Site Name":" LIGON MIDDLE         ",
    "ADM":1086,
    "Reduced Applications":"42",
    "Free Applications":"361",
    "Needy %":"37.11%",
    "Grade Level":"06   08"
  },
  {
    "Agreement Number":920,
    "Sponsor Name":" WAKE COUNTY SCHOOLS  ",
    "Site Number":473,
    "Site Name":" LEESVILLE ROAD HIGH  ",
    "ADM":2348,
    "Reduced Applications":"94",
    "Free Applications":"450",
    "Needy %":"23.17%",
    "Grade Level":"09   12"
  },
  {
    "Agreement Number":920,
    "Sponsor Name":" WAKE COUNTY SCHOOLS  ",
    "Site Number":474,
    "Site Name":" LAKE MYRA ELEMENTARY ",
    "ADM":539,
    "Reduced Applications":"55",
    "Free Applications":"265",
    "Needy %":"59.37%",
    "Grade Level":"K    05"
  },
  {
    "Agreement Number":920,
    "Sponsor Name":" WAKE COUNTY SCHOOLS  ",
    "Site Number":476,
    "Site Name":" LINCOLN HEIGHTS ELEM ",
    "ADM":513,
    "Reduced Applications":"34",
    "Free Applications":"236",
    "Needy %":"52.63%",
    "Grade Level":"K    05"
  },
  {
    "Agreement Number":920,
    "Sponsor Name":" WAKE COUNTY SCHOOLS  ",
    "Site Number":480,
    "Site Name":" LOCKHART ELEMENTARY  ",
    "ADM":706,
    "Reduced Applications":"56",
    "Free Applications":"330",
    "Needy %":"54.67%",
    "Grade Level":"K    05"
  },
  {
    "Agreement Number":920,
    "Sponsor Name":" WAKE COUNTY SCHOOLS  ",
    "Site Number":484,
    "Site Name":" LUFKIN ROAD MIDDLE   ",
    "ADM":1038,
    "Reduced Applications":"25",
    "Free Applications":"152",
    "Needy %":"17.05%",
    "Grade Level":"06   08"
  },
  {
    "Agreement Number":920,
    "Sponsor Name":" WAKE COUNTY SCHOOLS  ",
    "Site Number":488,
    "Site Name":" LYNN ROAD ELEMENTARY ",
    "ADM":590,
    "Reduced Applications":"54",
    "Free Applications":"325",
    "Needy %":"64.24%",
    "Grade Level":"K    05"
  },
  {
    "Agreement Number":920,
    "Sponsor Name":" WAKE COUNTY SCHOOLS  ",
    "Site Number":492,
    "Site Name":" MARTIN MIDDLE        ",
    "ADM":1016,
    "Reduced Applications":"35",
    "Free Applications":"291",
    "Needy %":"32.09%",
    "Grade Level":"06   08"
  },
  {
    "Agreement Number":920,
    "Sponsor Name":" WAKE COUNTY SCHOOLS  ",
    "Site Number":494,
    "Site Name":" MIDDLE CREEK ELEMENT ",
    "ADM":956,
    "Reduced Applications":"19",
    "Free Applications":"184",
    "Needy %":"21.23%",
    "Grade Level":"K    05"
  },
  {
    "Agreement Number":920,
    "Sponsor Name":" WAKE COUNTY SCHOOLS  ",
    "Site Number":495,
    "Site Name":" MIDDLE CREEK HIGH    ",
    "ADM":1773,
    "Reduced Applications":"79",
    "Free Applications":"570",
    "Needy %":"36.60%",
    "Grade Level":"09   12"
  },
  {
    "Agreement Number":920,
    "Sponsor Name":" WAKE COUNTY SCHOOLS  ",
    "Site Number":496,
    "Site Name":" MILLBROOK ELEMENTARY ",
    "ADM":796,
    "Reduced Applications":"83",
    "Free Applications":"500",
    "Needy %":"73.24%",
    "Grade Level":"09   12"
  },
  {
    "Agreement Number":920,
    "Sponsor Name":" WAKE COUNTY SCHOOLS  ",
    "Site Number":500,
    "Site Name":" MILLBROOK HIGH       ",
    "ADM":2396,
    "Reduced Applications":"165",
    "Free Applications":"748",
    "Needy %":"38.11%",
    "Grade Level":"09   12"
  },
  {
    "Agreement Number":920,
    "Sponsor Name":" WAKE COUNTY SCHOOLS  ",
    "Site Number":501,
    "Site Name":" MILLS PARK ELEMENTAR ",
    "ADM":959,
    "Reduced Applications":"17",
    "Free Applications":"120",
    "Needy %":"14.29%",
    "Grade Level":"K    05"
  },
  {
    "Agreement Number":920,
    "Sponsor Name":" WAKE COUNTY SCHOOLS  ",
    "Site Number":502,
    "Site Name":" MILLS PARK MIDDLE    ",
    "ADM":1115,
    "Reduced Applications":"30",
    "Free Applications":"150",
    "Needy %":"16.14%",
    "Grade Level":"06   08"
  },
  {
    "Agreement Number":920,
    "Sponsor Name":" WAKE COUNTY SCHOOLS  ",
    "Site Number":504,
    "Site Name":" MORRISVILLE ELEMENTA ",
    "ADM":766,
    "Reduced Applications":"23",
    "Free Applications":"56",
    "Needy %":"10.31%",
    "Grade Level":"09   12"
  },
  {
    "Agreement Number":920,
    "Sponsor Name":" WAKE COUNTY SCHOOLS  ",
    "Site Number":506,
    "Site Name":" MOORE SQUARE MUSEUM  ",
    "ADM":497,
    "Reduced Applications":"43",
    "Free Applications":"321",
    "Needy %":"73.24%",
    "Grade Level":"06   08"
  },
  {
    "Agreement Number":920,
    "Sponsor Name":" WAKE COUNTY SCHOOLS  ",
    "Site Number":508,
    "Site Name":" MOUNT VERNON         ",
    "ADM":120,
    "Reduced Applications":"2",
    "Free Applications":"16",
    "Needy %":"15.00%",
    "Grade Level":"K    08"
  },
  {
    "Agreement Number":920,
    "Sponsor Name":" WAKE COUNTY SCHOOLS  ",
    "Site Number":512,
    "Site Name":" NORTH GARNER MIDDLE  ",
    "ADM":1092,
    "Reduced Applications":"92",
    "Free Applications":"386",
    "Needy %":"43.77%",
    "Grade Level":"06   08"
  },
  {
    "Agreement Number":920,
    "Sponsor Name":" WAKE COUNTY SCHOOLS  ",
    "Site Number":514,
    "Site Name":" NORTH FOREST PINES D ",
    "ADM":871,
    "Reduced Applications":"18",
    "Free Applications":"212",
    "Needy %":"26.41%",
    "Grade Level":"K    05"
  },
  {
    "Agreement Number":920,
    "Sponsor Name":" WAKE COUNTY SCHOOLS  ",
    "Site Number":516,
    "Site Name":" NORTH RIDGE ELEMENTA ",
    "ADM":752,
    "Reduced Applications":"44",
    "Free Applications":"316",
    "Needy %":"47.87%",
    "Grade Level":"K    05"
  },
  {
    "Agreement Number":920,
    "Sponsor Name":" WAKE COUNTY SCHOOLS  ",
    "Site Number":520,
    "Site Name":" NORTHWOODS ELEMENTAR ",
    "ADM":530,
    "Reduced Applications":"39",
    "Free Applications":"194",
    "Needy %":"43.96%",
    "Grade Level":"K    05"
  },
  {
    "Agreement Number":920,
    "Sponsor Name":" WAKE COUNTY SCHOOLS  ",
    "Site Number":522,
    "Site Name":" OAK GROVE ELEMENTARY ",
    "ADM":823,
    "Reduced Applications":"9",
    "Free Applications":"109",
    "Needy %":"14.34%",
    "Grade Level":"K    05"
  },
  {
    "Agreement Number":920,
    "Sponsor Name":" WAKE COUNTY SCHOOLS  ",
    "Site Number":523,
    "Site Name":" OLIVE CHAPEL ELEMENT ",
    "ADM":975,
    "Reduced Applications":"18",
    "Free Applications":"104",
    "Needy %":"12.51%",
    "Grade Level":"K    05"
  },
  {
    "Agreement Number":920,
    "Sponsor Name":" WAKE COUNTY SCHOOLS  ",
    "Site Number":524,
    "Site Name":" OLDS ELEMENTARY      ",
    "ADM":284,
    "Reduced Applications":"10",
    "Free Applications":"69",
    "Needy %":"27.82%",
    "Grade Level":"K    05"
  },
  {
    "Agreement Number":920,
    "Sponsor Name":" WAKE COUNTY SCHOOLS  ",
    "Site Number":525,
    "Site Name":" PARTNERSHIP ELEMENTA ",
    "ADM":335,
    "Reduced Applications":"14",
    "Free Applications":"97",
    "Needy %":"33.13%",
    "Grade Level":"K    05"
  },
  {
    "Agreement Number":920,
    "Sponsor Name":" WAKE COUNTY SCHOOLS  ",
    "Site Number":526,
    "Site Name":" PANTHER CREEK HIGH   ",
    "ADM":2318,
    "Reduced Applications":"89",
    "Free Applications":"213",
    "Needy %":"13.03%",
    "Grade Level":"09   12"
  },
  {
    "Agreement Number":920,
    "Sponsor Name":" WAKE COUNTY SCHOOLS  ",
    "Site Number":528,
    "Site Name":" PHILLIPS HIGH        ",
    "ADM":146,
    "Reduced Applications":"6",
    "Free Applications":"44",
    "Needy %":"34.25%",
    "Grade Level":"09   12"
  },
  {
    "Agreement Number":920,
    "Sponsor Name":" WAKE COUNTY SCHOOLS  ",
    "Site Number":530,
    "Site Name":" PENNY ROAD ELEMENTAR ",
    "ADM":620,
    "Reduced Applications":"8",
    "Free Applications":"184",
    "Needy %":"30.97%",
    "Grade Level":"K    05"
  },
  {
    "Agreement Number":920,
    "Sponsor Name":" WAKE COUNTY SCHOOLS  ",
    "Site Number":531,
    "Site Name":" PLEASANT UNION ELEME ",
    "ADM":669,
    "Reduced Applications":"17",
    "Free Applications":"81",
    "Needy %":"14.65%",
    "Grade Level":"K    05"
  },
  {
    "Agreement Number":920,
    "Sponsor Name":" WAKE COUNTY SCHOOLS  ",
    "Site Number":532,
    "Site Name":" POE ELEMENTARY       ",
    "ADM":359,
    "Reduced Applications":"14",
    "Free Applications":"161",
    "Needy %":"48.75%",
    "Grade Level":"K    05"
  },
  {
    "Agreement Number":920,
    "Sponsor Name":" WAKE COUNTY SCHOOLS  ",
    "Site Number":536,
    "Site Name":" POWELL ELEMENTARY    ",
    "ADM":427,
    "Reduced Applications":"36",
    "Free Applications":"247",
    "Needy %":"66.28%",
    "Grade Level":"K    05"
  },
  {
    "Agreement Number":920,
    "Sponsor Name":" WAKE COUNTY SCHOOLS  ",
    "Site Number":540,
    "Site Name":" RAND ROAD ELEMENTARY ",
    "ADM":577,
    "Reduced Applications":"38",
    "Free Applications":"149",
    "Needy %":"32.41%",
    "Grade Level":"K    05"
  },
  {
    "Agreement Number":920,
    "Sponsor Name":" WAKE COUNTY SCHOOLS  ",
    "Site Number":542,
    "Site Name":" REEDY CREEK ELEMENTA ",
    "ADM":560,
    "Reduced Applications":"43",
    "Free Applications":"211",
    "Needy %":"45.36%",
    "Grade Level":"K    05"
  },
  {
    "Agreement Number":920,
    "Sponsor Name":" WAKE COUNTY SCHOOLS  ",
    "Site Number":544,
    "Site Name":" ROLESVILLE ELEMENTAR ",
    "ADM":639,
    "Reduced Applications":"50",
    "Free Applications":"230",
    "Needy %":"43.82%",
    "Grade Level":"K    05"
  },
  {
    "Agreement Number":920,
    "Sponsor Name":" WAKE COUNTY SCHOOLS  ",
    "Site Number":548,
    "Site Name":" ROOT ELEMENTARY      ",
    "ADM":476,
    "Reduced Applications":"14",
    "Free Applications":"219",
    "Needy %":"48.95%",
    "Grade Level":"K    05"
  },
  {
    "Agreement Number":920,
    "Sponsor Name":" WAKE COUNTY SCHOOLS  ",
    "Site Number":550,
    "Site Name":" SALEM ELEMENTARY     ",
    "ADM":944,
    "Reduced Applications":"14",
    "Free Applications":"169",
    "Needy %":"19.39%",
    "Grade Level":"K    05"
  },
  {
    "Agreement Number":920,
    "Sponsor Name":" WAKE COUNTY SCHOOLS  ",
    "Site Number":551,
    "Site Name":" SALEM MIDDLE         ",
    "ADM":1092,
    "Reduced Applications":"38",
    "Free Applications":"179",
    "Needy %":"19.87%",
    "Grade Level":"06   08"
  },
  {
    "Agreement Number":920,
    "Sponsor Name":" WAKE COUNTY SCHOOLS  ",
    "Site Number":552,
    "Site Name":" SANDERSON HIGH       ",
    "ADM":1860,
    "Reduced Applications":"110",
    "Free Applications":"560",
    "Needy %":"36.02%",
    "Grade Level":"09   12"
  },
  {
    "Agreement Number":920,
    "Sponsor Name":" WAKE COUNTY SCHOOLS  ",
    "Site Number":554,
    "Site Name":" SANFORD CREEK ELEMEN ",
    "ADM":639,
    "Reduced Applications":"28",
    "Free Applications":"134",
    "Needy %":"25.35%",
    "Grade Level":"K    05"
  },
  {
    "Agreement Number":920,
    "Sponsor Name":" WAKE COUNTY SCHOOLS  ",
    "Site Number":560,
    "Site Name":" SMITH ELEMENTARY     ",
    "ADM":571,
    "Reduced Applications":"39",
    "Free Applications":"419",
    "Needy %":"80.21%",
    "Grade Level":"K    05"
  },
  {
    "Agreement Number":920,
    "Sponsor Name":" WAKE COUNTY SCHOOLS  ",
    "Site Number":562,
    "Site Name":" SOUTHEAST RALEIGH HI ",
    "ADM":1634,
    "Reduced Applications":"153",
    "Free Applications":"721",
    "Needy %":"53.49%",
    "Grade Level":"09   12"
  },
  {
    "Agreement Number":920,
    "Sponsor Name":" WAKE COUNTY SCHOOLS  ",
    "Site Number":564,
    "Site Name":" STOUGH ELEMENTARY    ",
    "ADM":593,
    "Reduced Applications":"53",
    "Free Applications":"243",
    "Needy %":"49.92%",
    "Grade Level":"K    05"
  },
  {
    "Agreement Number":920,
    "Sponsor Name":" WAKE COUNTY SCHOOLS  ",
    "Site Number":568,
    "Site Name":" SWIFT CREEK ELEMENTA ",
    "ADM":513,
    "Reduced Applications":"28",
    "Free Applications":"153",
    "Needy %":"35.28%",
    "Grade Level":"K    05"
  },
  {
    "Agreement Number":920,
    "Sponsor Name":" WAKE COUNTY SCHOOLS  ",
    "Site Number":569,
    "Site Name":" SYCAMORE CREEK ELEME ",
    "ADM":1008,
    "Reduced Applications":"21",
    "Free Applications":"110",
    "Needy %":"13.00%",
    "Grade Level":"K    05"
  },
  {
    "Agreement Number":920,
    "Sponsor Name":" WAKE COUNTY SCHOOLS  ",
    "Site Number":570,
    "Site Name":" TIMBER DRIVE ELEMENT ",
    "ADM":768,
    "Reduced Applications":"57",
    "Free Applications":"311",
    "Needy %":"47.92%",
    "Grade Level":"K    05"
  },
  {
    "Agreement Number":920,
    "Sponsor Name":" WAKE COUNTY SCHOOLS  ",
    "Site Number":571,
    "Site Name":" TURNER CREEK ELEMENT ",
    "ADM":956,
    "Reduced Applications":"24",
    "Free Applications":"136",
    "Needy %":"16.74%",
    "Grade Level":"K    05"
  },
  {
    "Agreement Number":920,
    "Sponsor Name":" WAKE COUNTY SCHOOLS  ",
    "Site Number":572,
    "Site Name":" UNDERWOOD ELEMENTARY ",
    "ADM":477,
    "Reduced Applications":"10",
    "Free Applications":"135",
    "Needy %":"30.40%",
    "Grade Level":"K    05"
  },
  {
    "Agreement Number":920,
    "Sponsor Name":" WAKE COUNTY SCHOOLS  ",
    "Site Number":576,
    "Site Name":" VANCE ELEMENTARY     ",
    "ADM":608,
    "Reduced Applications":"21",
    "Free Applications":"172",
    "Needy %":"31.74%",
    "Grade Level":"K    05"
  },
  {
    "Agreement Number":920,
    "Sponsor Name":" WAKE COUNTY SCHOOLS  ",
    "Site Number":580,
    "Site Name":" VANDORA SPRINGS ELEM ",
    "ADM":553,
    "Reduced Applications":"36",
    "Free Applications":"262",
    "Needy %":"53.89%",
    "Grade Level":"K    05"
  },
  {
    "Agreement Number":920,
    "Sponsor Name":" WAKE COUNTY SCHOOLS  ",
    "Site Number":583,
    "Site Name":" WAKE EARLY COLLEGE O ",
    "ADM":231,
    "Reduced Applications":" - ",
    "Free Applications":" - ",
    "Needy %":"0.00%",
    "Grade Level":"09   12"
  },
  {
    "Agreement Number":920,
    "Sponsor Name":" WAKE COUNTY SCHOOLS  ",
    "Site Number":584,
    "Site Name":" WAKE FOREST ELEMENTA ",
    "ADM":639,
    "Reduced Applications":"52",
    "Free Applications":"221",
    "Needy %":"42.72%",
    "Grade Level":"K    05"
  },
  {
    "Agreement Number":920,
    "Sponsor Name":" WAKE COUNTY SCHOOLS  ",
    "Site Number":588,
    "Site Name":" WAKE FOREST-ROLESVIL ",
    "ADM":2010,
    "Reduced Applications":"87",
    "Free Applications":"523",
    "Needy %":"30.35%",
    "Grade Level":"09   12"
  },
  {
    "Agreement Number":920,
    "Sponsor Name":" WAKE COUNTY SCHOOLS  ",
    "Site Number":592,
    "Site Name":" WAKE FOREST-ROLESVIL ",
    "ADM":1147,
    "Reduced Applications":"98",
    "Free Applications":"458",
    "Needy %":"48.47%",
    "Grade Level":"06   08"
  },
  {
    "Agreement Number":920,
    "Sponsor Name":" WAKE COUNTY SCHOOLS  ",
    "Site Number":593,
    "Site Name":" WAKEFIELD ELEMENTARY ",
    "ADM":744,
    "Reduced Applications":"32",
    "Free Applications":"237",
    "Needy %":"36.16%",
    "Grade Level":"K    05"
  },
  {
    "Agreement Number":920,
    "Sponsor Name":" WAKE COUNTY SCHOOLS  ",
    "Site Number":594,
    "Site Name":" WAKEFIELD MIDDLE     ",
    "ADM":1208,
    "Reduced Applications":"51",
    "Free Applications":"256",
    "Needy %":"25.41%",
    "Grade Level":"06   08"
  },
  {
    "Agreement Number":920,
    "Sponsor Name":" WAKE COUNTY SCHOOLS  ",
    "Site Number":595,
    "Site Name":" WAKEFIELD HIGH       ",
    "ADM":2506,
    "Reduced Applications":"138",
    "Free Applications":"686",
    "Needy %":"32.88%",
    "Grade Level":"09   12"
  },
  {
    "Agreement Number":920,
    "Sponsor Name":" WAKE COUNTY SCHOOLS  ",
    "Site Number":596,
    "Site Name":" WASHINGTON ELEMENTAR ",
    "ADM":530,
    "Reduced Applications":"12",
    "Free Applications":"172",
    "Needy %":"34.72%",
    "Grade Level":"K    05"
  },
  {
    "Agreement Number":920,
    "Sponsor Name":" WAKE COUNTY SCHOOLS  ",
    "Site Number":597,
    "Site Name":" WAKELON ELEMENTARY   ",
    "ADM":535,
    "Reduced Applications":"38",
    "Free Applications":"397",
    "Needy %":"81.31%",
    "Grade Level":"K    05"
  },
  {
    "Agreement Number":920,
    "Sponsor Name":" WAKE COUNTY SCHOOLS  ",
    "Site Number":598,
    "Site Name":" WEATHERSTONE ELEMENT ",
    "ADM":650,
    "Reduced Applications":"23",
    "Free Applications":"201",
    "Needy %":"34.46%",
    "Grade Level":"K    05"
  },
  {
    "Agreement Number":920,
    "Sponsor Name":" WAKE COUNTY SCHOOLS  ",
    "Site Number":600,
    "Site Name":" WENDELL ELEMENTARY   ",
    "ADM":426,
    "Reduced Applications":"43",
    "Free Applications":"206",
    "Needy %":"58.45%",
    "Grade Level":"K    05"
  },
  {
    "Agreement Number":920,
    "Sponsor Name":" WAKE COUNTY SCHOOLS  ",
    "Site Number":601,
    "Site Name":" WENDELL MIDDLE       ",
    "ADM":934,
    "Reduced Applications":"102",
    "Free Applications":"471",
    "Needy %":"61.35%",
    "Grade Level":"06   08"
  },
  {
    "Agreement Number":920,
    "Sponsor Name":" WAKE COUNTY SCHOOLS  ",
    "Site Number":604,
    "Site Name":" WEST CARY MIDDLE     ",
    "ADM":692,
    "Reduced Applications":"29",
    "Free Applications":"164",
    "Needy %":"27.89%",
    "Grade Level":"06   08"
  },
  {
    "Agreement Number":920,
    "Sponsor Name":" WAKE COUNTY SCHOOLS  ",
    "Site Number":606,
    "Site Name":" WEST LAKE ELEMENTARY ",
    "ADM":822,
    "Reduced Applications":"22",
    "Free Applications":"159",
    "Needy %":"22.02%",
    "Grade Level":"K    05"
  },
  {
    "Agreement Number":920,
    "Sponsor Name":" WAKE COUNTY SCHOOLS  ",
    "Site Number":607,
    "Site Name":" WEST LAKE MIDDLE     ",
    "ADM":1240,
    "Reduced Applications":"50",
    "Free Applications":"210",
    "Needy %":"20.97%",
    "Grade Level":"06   08"
  },
  {
    "Agreement Number":920,
    "Sponsor Name":" WAKE COUNTY SCHOOLS  ",
    "Site Number":608,
    "Site Name":" WEST MILLBROOK MIDDL ",
    "ADM":971,
    "Reduced Applications":"53",
    "Free Applications":"373",
    "Needy %":"43.87%",
    "Grade Level":"06   08"
  },
  {
    "Agreement Number":920,
    "Sponsor Name":" WAKE COUNTY SCHOOLS  ",
    "Site Number":616,
    "Site Name":" WILBURN ELEMENTARY   ",
    "ADM":647,
    "Reduced Applications":"49",
    "Free Applications":"326",
    "Needy %":"57.96%",
    "Grade Level":"K    05"
  },
  {
    "Agreement Number":920,
    "Sponsor Name":" WAKE COUNTY SCHOOLS  ",
    "Site Number":618,
    "Site Name":" WILDWOOD FOREST ELEM ",
    "ADM":739,
    "Reduced Applications":"59",
    "Free Applications":"258",
    "Needy %":"42.90%",
    "Grade Level":"K    05"
  },
  {
    "Agreement Number":920,
    "Sponsor Name":" WAKE COUNTY SCHOOLS  ",
    "Site Number":620,
    "Site Name":" WILEY ELEMENTARY     ",
    "ADM":468,
    "Reduced Applications":"16",
    "Free Applications":"113",
    "Needy %":"27.56%",
    "Grade Level":"K    05"
  },
  {
    "Agreement Number":920,
    "Sponsor Name":" WAKE COUNTY SCHOOLS  ",
    "Site Number":624,
    "Site Name":" WILLOW SPRINGS ELEME ",
    "ADM":918,
    "Reduced Applications":"56",
    "Free Applications":"224",
    "Needy %":"30.50%",
    "Grade Level":"K    05"
  },
  {
    "Agreement Number":920,
    "Sponsor Name":" WAKE COUNTY SCHOOLS  ",
    "Site Number":626,
    "Site Name":" YATES MILL ELEMENTAR ",
    "ADM":548,
    "Reduced Applications":"29",
    "Free Applications":"244",
    "Needy %":"49.82%",
    "Grade Level":"K    05"
  },
  {
    "Agreement Number":920,
    "Sponsor Name":" WAKE COUNTY SCHOOLS  ",
    "Site Number":628,
    "Site Name":" YORK ELEMENTARY      ",
    "ADM":432,
    "Reduced Applications":"35",
    "Free Applications":"218",
    "Needy %":"58.56%",
    "Grade Level":"K    05"
  },
  {
    "Agreement Number":920,
    "Sponsor Name":" WAKE COUNTY SCHOOLS  ",
    "Site Number":632,
    "Site Name":" ZEBULON ELEMENTARY   ",
    "ADM":489,
    "Reduced Applications":"37",
    "Free Applications":"290",
    "Needy %":"66.87%",
    "Grade Level":"K    05"
  },
  {
    "Agreement Number":920,
    "Sponsor Name":" WAKE COUNTY SCHOOLS  ",
    "Site Number":636,
    "Site Name":" ZEBULON MIDDLE       ",
    "ADM":569,
    "Reduced Applications":"59",
    "Free Applications":"317",
    "Needy %":"66.08%",
    "Grade Level":"06   08"
  }
]