[
  {
    "Agreement Number":920,
    "Sponsor Name":"Wake County Schools",
    "Site Number":302,
    "Site Name":"River Bend Elementary",
    "ADM":653,
    "Reduced Applications":66,
    "Free Applications":316,
    "Needy %":"58.50%",
    "Grade Level":"K - 5"
  },
  {
    "Agreement Number":920,
    "Sponsor Name":"Wake County Schools",
    "Site Number":304,
    "Site Name":"Adams Elementary",
    "ADM":819,
    "Reduced Applications":37,
    "Free Applications":266,
    "Needy %":"37.00%",
    "Grade Level":"K - 5"
  },
  {
    "Agreement Number":920,
    "Sponsor Name":"Wake County Schools",
    "Site Number":306,
    "Site Name":"Herbert Akins Elementary",
    "ADM":865,
    "Reduced Applications":38,
    "Free Applications":210,
    "Needy %":"28.67%",
    "Grade Level":"K - 5"
  },
  {
    "Agreement Number":920,
    "Sponsor Name":"Wake County Schools",
    "Site Number":307,
    "Site Name":"Alston Ridge Elementary",
    "ADM":643,
    "Reduced Applications":20,
    "Free Applications":76,
    "Needy %":"14.93%",
    "Grade Level":"K - 5"
  },
  {
    "Agreement Number":920,
    "Sponsor Name":"Wake County Schools",
    "Site Number":308,
    "Site Name":"Apex Elementary",
    "ADM":679,
    "Reduced Applications":40,
    "Free Applications":202,
    "Needy %":"35.64%",
    "Grade Level":"K - 5"
  },
  {
    "Agreement Number":920,
    "Sponsor Name":"Wake County Schools",
    "Site Number":312,
    "Site Name":"Apex Middle",
    "ADM":1088,
    "Reduced Applications":46,
    "Free Applications":217,
    "Needy %":"24.17%",
    "Grade Level":"06 08"
  },
  {
    "Agreement Number":920,
    "Sponsor Name":"Wake County Schools",
    "Site Number":316,
    "Site Name":"Apex High",
    "ADM":2325,
    "Reduced Applications":50,
    "Free Applications":249,
    "Needy %":"12.86%",
    "Grade Level":"09 12"
  },
  {
    "Agreement Number":920,
    "Sponsor Name":"Wake County Schools",
    "Site Number":318,
    "Site Name":"Athens Drive High",
    "ADM":1910,
    "Reduced Applications":88,
    "Free Applications":660,
    "Needy %":"39.16%",
    "Grade Level":"09 12"
  },
  {
    "Agreement Number":920,
    "Sponsor Name":"Wake County Schools",
    "Site Number":320,
    "Site Name":"Aversboro Elementary",
    "ADM":431,
    "Reduced Applications":61,
    "Free Applications":228,
    "Needy %":"67.05%",
    "Grade Level":"K - 5"
  },
  {
    "Agreement Number":920,
    "Sponsor Name":"Wake County Schools",
    "Site Number":324,
    "Site Name":"Longview",
    "ADM":112,
    "Reduced Applications":4,
    "Free Applications":36,
    "Needy %":"35.71%",
    "Grade Level":"06 12"
  },
  {
    "Agreement Number":920,
    "Sponsor Name":"Wake County Schools",
    "Site Number":325,
    "Site Name":"Banks Road Elementary",
    "ADM":689,
    "Reduced Applications":34,
    "Free Applications":225,
    "Needy %":"37.59%",
    "Grade Level":"K - 5"
  },
  {
    "Agreement Number":920,
    "Sponsor Name":"Wake County Schools",
    "Site Number":326,
    "Site Name":"Baileywick Road Elementary",
    "ADM":436,
    "Reduced Applications":19,
    "Free Applications":203,
    "Needy %":"50.92%",
    "Grade Level":"K - 5"
  },
  {
    "Agreement Number":920,
    "Sponsor Name":"Wake County Schools",
    "Site Number":327,
    "Site Name":"Ballentine Elementary",
    "ADM":637,
    "Reduced Applications":23,
    "Free Applications":174,
    "Needy %":"30.93%",
    "Grade Level":"K - 5"
  },
  {
    "Agreement Number":920,
    "Sponsor Name":"Wake County Schools",
    "Site Number":328,
    "Site Name":"Baucom Elementary",
    "ADM":944,
    "Reduced Applications":31,
    "Free Applications":202,
    "Needy %":"24.68%",
    "Grade Level":"K - 5"
  },
  {
    "Agreement Number":920,
    "Sponsor Name":"Wake County Schools",
    "Site Number":329,
    "Site Name":"Bar Well Road Elementary",
    "ADM":785,
    "Reduced Applications":86,
    "Free Applications":528,
    "Needy %":"78.22%",
    "Grade Level":"K - 5"
  },
  {
    "Agreement Number":920,
    "Sponsor Name":"Wake County Schools",
    "Site Number":334,
    "Site Name":"Brassfield Elementary",
    "ADM":756,
    "Reduced Applications":13,
    "Free Applications":105,
    "Needy %":"15.61%",
    "Grade Level":"Pre-K - 5"
  },
  {
    "Agreement Number":920,
    "Sponsor Name":"Wake County Schools",
    "Site Number":336,
    "Site Name":"Brentwood Elementary",
    "ADM":469,
    "Reduced Applications":46,
    "Free Applications":371,
    "Needy %":"88.91%",
    "Grade Level":"K - 5"
  },
  {
    "Agreement Number":920,
    "Sponsor Name":"Wake County Schools",
    "Site Number":340,
    "Site Name":"Briarcliff Elementary",
    "ADM":587,
    "Reduced Applications":24,
    "Free Applications":237,
    "Needy %":"44.46%",
    "Grade Level":"K - 5"
  },
  {
    "Agreement Number":920,
    "Sponsor Name":"Wake County Schools",
    "Site Number":342,
    "Site Name":"Brier Creek Elementary",
    "ADM":869,
    "Reduced Applications":29,
    "Free Applications":177,
    "Needy %":"23.71%",
    "Grade Level":"K - 5"
  },
  {
    "Agreement Number":920,
    "Sponsor Name":"Wake County Schools",
    "Site Number":344,
    "Site Name":"Brooks Elementary",
    "ADM":605,
    "Reduced Applications":19,
    "Free Applications":170,
    "Needy %":"31.24%",
    "Grade Level":"K - 5"
  },
  {
    "Agreement Number":920,
    "Sponsor Name":"Wake County Schools",
    "Site Number":348,
    "Site Name":"Needham Broughton High",
    "ADM":2125,
    "Reduced Applications":84,
    "Free Applications":758,
    "Needy %":"39.62%",
    "Grade Level":"09 12"
  },
  {
    "Agreement Number":920,
    "Sponsor Name":"Wake County Schools",
    "Site Number":352,
    "Site Name":"Bugg Elementary",
    "ADM":574,
    "Reduced Applications":69,
    "Free Applications":350,
    "Needy %":"73.00%",
    "Grade Level":"K - 5"
  },
  {
    "Agreement Number":920,
    "Sponsor Name":"Wake County Schools",
    "Site Number":356,
    "Site Name":"Carnage Middle",
    "ADM":1179,
    "Reduced Applications":60,
    "Free Applications":371,
    "Needy %":"36.56%",
    "Grade Level":"06 08"
  },
  {
    "Agreement Number":920,
    "Sponsor Name":"Wake County Schools",
    "Site Number":358,
    "Site Name":"Carpenter Elementary",
    "ADM":691,
    "Reduced Applications":29,
    "Free Applications":165,
    "Needy %":"28.08%",
    "Grade Level":"K - 5"
  },
  {
    "Agreement Number":920,
    "Sponsor Name":"Wake County Schools",
    "Site Number":360,
    "Site Name":"Carroll Middle",
    "ADM":704,
    "Reduced Applications":59,
    "Free Applications":453,
    "Needy %":"72.73%",
    "Grade Level":"06 08"
  },
  {
    "Agreement Number":920,
    "Sponsor Name":"Wake County Schools",
    "Site Number":362,
    "Site Name":"Carver Elementary",
    "ADM":419,
    "Reduced Applications":42,
    "Free Applications":247,
    "Needy %":"68.97%",
    "Grade Level":"Pre-K - 5"
  },
  {
    "Agreement Number":920,
    "Sponsor Name":"Wake County Schools",
    "Site Number":364,
    "Site Name":"Cary Elementary",
    "ADM":523,
    "Reduced Applications":43,
    "Free Applications":180,
    "Needy %":"42.64%",
    "Grade Level":"K - 5"
  },
  {
    "Agreement Number":920,
    "Sponsor Name":"Wake County Schools",
    "Site Number":368,
    "Site Name":"Cary High",
    "ADM":2233,
    "Reduced Applications":155,
    "Free Applications":685,
    "Needy %":"37.62%",
    "Grade Level":"09 12"
  },
  {
    "Agreement Number":920,
    "Sponsor Name":"Wake County Schools",
    "Site Number":369,
    "Site Name":"Cedar Fork Elementary",
    "ADM":840,
    "Reduced Applications":25,
    "Free Applications":69,
    "Needy %":"11.19%",
    "Grade Level":"K - 5"
  },
  {
    "Agreement Number":920,
    "Sponsor Name":"Wake County Schools",
    "Site Number":370,
    "Site Name":"Centennial Campus Middle",
    "ADM":631,
    "Reduced Applications":50,
    "Free Applications":280,
    "Needy %":"52.30%",
    "Grade Level":"06 08"
  },
  {
    "Agreement Number":920,
    "Sponsor Name":"Wake County Schools",
    "Site Number":376,
    "Site Name":"Combs Elementary",
    "ADM":881,
    "Reduced Applications":39,
    "Free Applications":277,
    "Needy %":"35.87%",
    "Grade Level":"K - 5"
  },
  {
    "Agreement Number":920,
    "Sponsor Name":"Wake County Schools",
    "Site Number":380,
    "Site Name":"Conn Elementary",
    "ADM":612,
    "Reduced Applications":34,
    "Free Applications":272,
    "Needy %":"50.00%",
    "Grade Level":"K - 5"
  },
  {
    "Agreement Number":920,
    "Sponsor Name":"Wake County Schools",
    "Site Number":384,
    "Site Name":"Creech Road Elementary",
    "ADM":564,
    "Reduced Applications":59,
    "Free Applications":475,
    "Needy %":"94.68%",
    "Grade Level":"K - 5"
  },
  {
    "Agreement Number":920,
    "Sponsor Name":"Wake County Schools",
    "Site Number":388,
    "Site Name":"Daniels Middle",
    "ADM":1149,
    "Reduced Applications":60,
    "Free Applications":465,
    "Needy %":"45.69%",
    "Grade Level":"06 08"
  },
  {
    "Agreement Number":920,
    "Sponsor Name":"Wake County Schools",
    "Site Number":390,
    "Site Name":"Davis Drive Elementary",
    "ADM":858,
    "Reduced Applications":17,
    "Free Applications":55,
    "Needy %":"8.39%",
    "Grade Level":"K - 5"
  },
  {
    "Agreement Number":920,
    "Sponsor Name":"Wake County Schools",
    "Site Number":391,
    "Site Name":"Davis Drive Middle",
    "ADM":1184,
    "Reduced Applications":25,
    "Free Applications":117,
    "Needy %":"11.99%",
    "Grade Level":"06 08"
  },
  {
    "Agreement Number":920,
    "Sponsor Name":"Wake County Schools",
    "Site Number":393,
    "Site Name":"Dillard Drive Elementary",
    "ADM":727,
    "Reduced Applications":66,
    "Free Applications":376,
    "Needy %":"60.80%",
    "Grade Level":"K - 5"
  },
  {
    "Agreement Number":920,
    "Sponsor Name":"Wake County Schools",
    "Site Number":394,
    "Site Name":"Dillard Drive Middle",
    "ADM":1225,
    "Reduced Applications":73,
    "Free Applications":526,
    "Needy %":"48.90%",
    "Grade Level":"06 08"
  },
  {
    "Agreement Number":920,
    "Sponsor Name":"Wake County Schools",
    "Site Number":396,
    "Site Name":"Douglas Elementary",
    "ADM":699,
    "Reduced Applications":26,
    "Free Applications":284,
    "Needy %":"44.35%",
    "Grade Level":"K - 5"
  },
  {
    "Agreement Number":920,
    "Sponsor Name":"Wake County Schools",
    "Site Number":398,
    "Site Name":"Durant Road Elementary",
    "ADM":1034,
    "Reduced Applications":49,
    "Free Applications":341,
    "Needy %":"37.72%",
    "Grade Level":"K - 5"
  },
  {
    "Agreement Number":920,
    "Sponsor Name":"Wake County Schools",
    "Site Number":399,
    "Site Name":"Durant Road Middle",
    "ADM":1466,
    "Reduced Applications":70,
    "Free Applications":466,
    "Needy %":"36.56%",
    "Grade Level":"06 08"
  },
  {
    "Agreement Number":920,
    "Sponsor Name":"Wake County Schools",
    "Site Number":400,
    "Site Name":"Reedy Creek Middle",
    "ADM":1006,
    "Reduced Applications":106,
    "Free Applications":447,
    "Needy %":"54.97%",
    "Grade Level":"06 08"
  },
  {
    "Agreement Number":920,
    "Sponsor Name":"Wake County Schools",
    "Site Number":402,
    "Site Name":"East Cary Middle",
    "ADM":728,
    "Reduced Applications":40,
    "Free Applications":195,
    "Needy %":"32.28%",
    "Grade Level":"06 08"
  },
  {
    "Agreement Number":920,
    "Sponsor Name":"Wake County Schools",
    "Site Number":403,
    "Site Name":"East Garner Elementary",
    "ADM":567,
    "Reduced Applications":48,
    "Free Applications":399,
    "Needy %":"78.84%",
    "Grade Level":"K - 5"
  },
  {
    "Agreement Number":920,
    "Sponsor Name":"Wake County Schools",
    "Site Number":404,
    "Site Name":"East Garner Middle",
    "ADM":1294,
    "Reduced Applications":124,
    "Free Applications":702,
    "Needy %":"63.83%",
    "Grade Level":"06 08"
  },
  {
    "Agreement Number":920,
    "Sponsor Name":"Wake County Schools",
    "Site Number":408,
    "Site Name":"East Millbrook Middle",
    "ADM":1188,
    "Reduced Applications":119,
    "Free Applications":696,
    "Needy %":"68.60%",
    "Grade Level":"06 08"
  },
  {
    "Agreement Number":920,
    "Sponsor Name":"Wake County Schools",
    "Site Number":410,
    "Site Name":"East Wake Middle",
    "ADM":982,
    "Reduced Applications":106,
    "Free Applications":593,
    "Needy %":"71.18%",
    "Grade Level":"06 08"
  },
  {
    "Agreement Number":920,
    "Sponsor Name":"Wake County Schools",
    "Site Number":412,
    "Site Name":"William G Enloe High",
    "ADM":2538,
    "Reduced Applications":139,
    "Free Applications":1127,
    "Needy %":"49.88%",
    "Grade Level":"09 12"
  },
  {
    "Agreement Number":920,
    "Sponsor Name":"Wake County Schools",
    "Site Number":413,
    "Site Name":"Forestville Road Elementary",
    "ADM":636,
    "Reduced Applications":68,
    "Free Applications":375,
    "Needy %":"69.65%",
    "Grade Level":"K - 5"
  },
  {
    "Agreement Number":920,
    "Sponsor Name":"Wake County Schools",
    "Site Number":414,
    "Site Name":"Farmington Woods Elementary",
    "ADM":783,
    "Reduced Applications":30,
    "Free Applications":236,
    "Needy %":"33.97%",
    "Grade Level":"K - 5"
  },
  {
    "Agreement Number":920,
    "Sponsor Name":"Wake County Schools",
    "Site Number":415,
    "Site Name":"Fox Road Elementary",
    "ADM":804,
    "Reduced Applications":89,
    "Free Applications":568,
    "Needy %":"81.72%",
    "Grade Level":"K - 5"
  },
  {
    "Agreement Number":920,
    "Sponsor Name":"Wake County Schools",
    "Site Number":416,
    "Site Name":"Fuller Elementary",
    "ADM":537,
    "Reduced Applications":18,
    "Free Applications":181,
    "Needy %":"37.06%",
    "Grade Level":"K - 5"
  },
  {
    "Agreement Number":920,
    "Sponsor Name":"Wake County Schools",
    "Site Number":417,
    "Site Name":"Forest Pines Elementary",
    "ADM":646,
    "Reduced Applications":48,
    "Free Applications":169,
    "Needy %":"33.59%",
    "Grade Level":"K - 5"
  },
  {
    "Agreement Number":920,
    "Sponsor Name":"Wake County Schools",
    "Site Number":420,
    "Site Name":"Fuquay-Varina Elementary",
    "ADM":728,
    "Reduced Applications":61,
    "Free Applications":275,
    "Needy %":"46.15%",
    "Grade Level":"K - 5"
  },
  {
    "Agreement Number":920,
    "Sponsor Name":"Wake County Schools",
    "Site Number":424,
    "Site Name":"Fuquay-Varina Middle",
    "ADM":915,
    "Reduced Applications":49,
    "Free Applications":377,
    "Needy %":"46.56%",
    "Grade Level":"06 08"
  },
  {
    "Agreement Number":920,
    "Sponsor Name":"Wake County Schools",
    "Site Number":428,
    "Site Name":"Fuquay-Varina High",
    "ADM":1965,
    "Reduced Applications":103,
    "Free Applications":546,
    "Needy %":"33.03%",
    "Grade Level":"09 12"
  },
  {
    "Agreement Number":920,
    "Sponsor Name":"Wake County Schools",
    "Site Number":436,
    "Site Name":"Garner High",
    "ADM":2247,
    "Reduced Applications":188,
    "Free Applications":928,
    "Needy %":"49.67%",
    "Grade Level":"09 12"
  },
  {
    "Agreement Number":920,
    "Sponsor Name":"Wake County Schools",
    "Site Number":438,
    "Site Name":"River Oaks Middle",
    "ADM":71,
    "Reduced Applications":2,
    "Free Applications":19,
    "Needy %":"29.58%",
    "Grade Level":"06 08"
  },
  {
    "Agreement Number":920,
    "Sponsor Name":"Wake County Schools",
    "Site Number":439,
    "Site Name":"Green Hope Elementary",
    "ADM":890,
    "Reduced Applications":27,
    "Free Applications":133,
    "Needy %":"17.98%",
    "Grade Level":"K - 5"
  },
  {
    "Agreement Number":920,
    "Sponsor Name":"Wake County Schools",
    "Site Number":440,
    "Site Name":"Green Elementary",
    "ADM":570,
    "Reduced Applications":35,
    "Free Applications":302,
    "Needy %":"59.12%",
    "Grade Level":"K - 5"
  },
  {
    "Agreement Number":920,
    "Sponsor Name":"Wake County Schools",
    "Site Number":441,
    "Site Name":"Green Hope High",
    "ADM":2032,
    "Reduced Applications":32,
    "Free Applications":94,
    "Needy %":"6.20%",
    "Grade Level":"09 12"
  },
  {
    "Agreement Number":920,
    "Sponsor Name":"Wake County Schools",
    "Site Number":442,
    "Site Name":"Hilburn Drive Elementary",
    "ADM":348,
    "Reduced Applications":30,
    "Free Applications":118,
    "Needy %":"42.53%",
    "Grade Level":"K - 5"
  },
  {
    "Agreement Number":920,
    "Sponsor Name":"Wake County Schools",
    "Site Number":443,
    "Site Name":"Highcroft Elementary",
    "ADM":812,
    "Reduced Applications":6,
    "Free Applications":47,
    "Needy %":"6.53%",
    "Grade Level":"K - 5"
  },
  {
    "Agreement Number":920,
    "Sponsor Name":"Wake County Schools",
    "Site Number":444,
    "Site Name":"Heritage Middle",
    "ADM":1494,
    "Reduced Applications":51,
    "Free Applications":277,
    "Needy %":"21.95%",
    "Grade Level":"06 08"
  },
  {
    "Agreement Number":920,
    "Sponsor Name":"Wake County Schools",
    "Site Number":445,
    "Site Name":"Heritage High",
    "ADM":1314,
    "Reduced Applications":92,
    "Free Applications":440,
    "Needy %":"40.49%",
    "Grade Level":"09 12"
  },
  {
    "Agreement Number":920,
    "Sponsor Name":"Wake County Schools",
    "Site Number":446,
    "Site Name":"Hodge Road Elementary",
    "ADM":652,
    "Reduced Applications":35,
    "Free Applications":538,
    "Needy %":"87.88%",
    "Grade Level":"K - 5"
  },
  {
    "Agreement Number":920,
    "Sponsor Name":"Wake County Schools",
    "Site Number":447,
    "Site Name":"Holly Springs Elementary",
    "ADM":1122,
    "Reduced Applications":32,
    "Free Applications":136,
    "Needy %":"14.97%",
    "Grade Level":"K - 5"
  },
  {
    "Agreement Number":920,
    "Sponsor Name":"Wake County Schools",
    "Site Number":448,
    "Site Name":"Hunter Elementary",
    "ADM":690,
    "Reduced Applications":18,
    "Free Applications":336,
    "Needy %":"51.30%",
    "Grade Level":"K - 5"
  },
  {
    "Agreement Number":920,
    "Sponsor Name":"Wake County Schools",
    "Site Number":449,
    "Site Name":"Holly Ridge Elementary",
    "ADM":726,
    "Reduced Applications":43,
    "Free Applications":203,
    "Needy %":"33.88%",
    "Grade Level":"K - 5"
  },
  {
    "Agreement Number":920,
    "Sponsor Name":"Wake County Schools",
    "Site Number":450,
    "Site Name":"Holly Ridge Middle",
    "ADM":1047,
    "Reduced Applications":56,
    "Free Applications":276,
    "Needy %":"31.71%",
    "Grade Level":"06 08"
  },
  {
    "Agreement Number":920,
    "Sponsor Name":"Wake County Schools",
    "Site Number":451,
    "Site Name":"Harris Creek Elementary",
    "ADM":840,
    "Reduced Applications":50,
    "Free Applications":257,
    "Needy %":"36.55%",
    "Grade Level":"K - 5"
  },
  {
    "Agreement Number":920,
    "Sponsor Name":"Wake County Schools",
    "Site Number":452,
    "Site Name":"Jeffreys Grove Elementary",
    "ADM":426,
    "Reduced Applications":30,
    "Free Applications":143,
    "Needy %":"40.61%",
    "Grade Level":"K - 5"
  },
  {
    "Agreement Number":920,
    "Sponsor Name":"Wake County Schools",
    "Site Number":453,
    "Site Name":"Jones Dairy Elementary",
    "ADM":846,
    "Reduced Applications":32,
    "Free Applications":145,
    "Needy %":"20.92%",
    "Grade Level":"K - 5"
  },
  {
    "Agreement Number":920,
    "Sponsor Name":"Wake County Schools",
    "Site Number":454,
    "Site Name":"Heritage Elementary",
    "ADM":935,
    "Reduced Applications":18,
    "Free Applications":153,
    "Needy %":"18.29%",
    "Grade Level":"K - 5"
  },
  {
    "Agreement Number":920,
    "Sponsor Name":"Wake County Schools",
    "Site Number":455,
    "Site Name":"Holly Springs High",
    "ADM":2080,
    "Reduced Applications":97,
    "Free Applications":407,
    "Needy %":"24.23%",
    "Grade Level":"09 12"
  },
  {
    "Agreement Number":920,
    "Sponsor Name":"Wake County Schools",
    "Site Number":456,
    "Site Name":"Joyner Elementary",
    "ADM":696,
    "Reduced Applications":23,
    "Free Applications":209,
    "Needy %":"33.33%",
    "Grade Level":"K - 5"
  },
  {
    "Agreement Number":920,
    "Sponsor Name":"Wake County Schools",
    "Site Number":457,
    "Site Name":"Holly Grove Elementary",
    "ADM":923,
    "Reduced Applications":42,
    "Free Applications":113,
    "Needy %":"16.79%",
    "Grade Level":"K - 5"
  },
  {
    "Agreement Number":920,
    "Sponsor Name":"Wake County Schools",
    "Site Number":458,
    "Site Name":"Holly Grove Middle",
    "ADM":1118,
    "Reduced Applications":44,
    "Free Applications":304,
    "Needy %":"31.13%",
    "Grade Level":"06 08"
  },
  {
    "Agreement Number":920,
    "Sponsor Name":"Wake County Schools",
    "Site Number":460,
    "Site Name":"Kingswood Elementary",
    "ADM":350,
    "Reduced Applications":38,
    "Free Applications":192,
    "Needy %":"65.71%",
    "Grade Level":"K - 5"
  },
  {
    "Agreement Number":920,
    "Sponsor Name":"Wake County Schools",
    "Site Number":464,
    "Site Name":"Knightdale Elementary",
    "ADM":699,
    "Reduced Applications":74,
    "Free Applications":419,
    "Needy %":"70.53%",
    "Grade Level":"K - 5"
  },
  {
    "Agreement Number":920,
    "Sponsor Name":"Wake County Schools",
    "Site Number":466,
    "Site Name":"Knightdale High",
    "ADM":1656,
    "Reduced Applications":176,
    "Free Applications":788,
    "Needy %":"58.21%",
    "Grade Level":"09 12"
  },
  {
    "Agreement Number":920,
    "Sponsor Name":"Wake County Schools",
    "Site Number":467,
    "Site Name":"Laurel Park Elementary",
    "ADM":944,
    "Reduced Applications":23,
    "Free Applications":131,
    "Needy %":"16.31%",
    "Grade Level":"K - 5"
  },
  {
    "Agreement Number":920,
    "Sponsor Name":"Wake County Schools",
    "Site Number":468,
    "Site Name":"Lacy Elementary",
    "ADM":863,
    "Reduced Applications":23,
    "Free Applications":261,
    "Needy %":"32.91%",
    "Grade Level":"K - 5"
  },
  {
    "Agreement Number":920,
    "Sponsor Name":"Wake County Schools",
    "Site Number":469,
    "Site Name":"Leesville Road Elementary",
    "ADM":872,
    "Reduced Applications":19,
    "Free Applications":132,
    "Needy %":"17.32%",
    "Grade Level":"K - 5"
  },
  {
    "Agreement Number":920,
    "Sponsor Name":"Wake County Schools",
    "Site Number":470,
    "Site Name":"Lead Mine Elementary",
    "ADM":524,
    "Reduced Applications":35,
    "Free Applications":201,
    "Needy %":"45.04%",
    "Grade Level":"K - 5"
  },
  {
    "Agreement Number":920,
    "Sponsor Name":"Wake County Schools",
    "Site Number":471,
    "Site Name":"Leesville Road Middle",
    "ADM":1168,
    "Reduced Applications":69,
    "Free Applications":466,
    "Needy %":"45.80%",
    "Grade Level":"06 08"
  },
  {
    "Agreement Number":920,
    "Sponsor Name":"Wake County Schools",
    "Site Number":472,
    "Site Name":"Ligon Middle",
    "ADM":1090,
    "Reduced Applications":40,
    "Free Applications":344,
    "Needy %":"35.23%",
    "Grade Level":"06 08"
  },
  {
    "Agreement Number":920,
    "Sponsor Name":"Wake County Schools",
    "Site Number":473,
    "Site Name":"Leesville Road High",
    "ADM":2135,
    "Reduced Applications":73,
    "Free Applications":413,
    "Needy %":"22.76%",
    "Grade Level":"09 12"
  },
  {
    "Agreement Number":920,
    "Sponsor Name":"Wake County Schools",
    "Site Number":474,
    "Site Name":"Lake Myra Elementary",
    "ADM":577,
    "Reduced Applications":51,
    "Free Applications":282,
    "Needy %":"57.71%",
    "Grade Level":"K - 5"
  },
  {
    "Agreement Number":920,
    "Sponsor Name":"Wake County Schools",
    "Site Number":476,
    "Site Name":"Lincoln Heights Elementary",
    "ADM":472,
    "Reduced Applications":32,
    "Free Applications":273,
    "Needy %":"64.62%",
    "Grade Level":"K - 5"
  },
  {
    "Agreement Number":920,
    "Sponsor Name":"Wake County Schools",
    "Site Number":480,
    "Site Name":"Lockhart Elementary",
    "ADM":657,
    "Reduced Applications":57,
    "Free Applications":370,
    "Needy %":"64.99%",
    "Grade Level":"K - 5"
  },
  {
    "Agreement Number":920,
    "Sponsor Name":"Wake County Schools",
    "Site Number":484,
    "Site Name":"Lufkin Road Middle",
    "ADM":1010,
    "Reduced Applications":17,
    "Free Applications":159,
    "Needy %":"17.43%",
    "Grade Level":"06 08"
  },
  {
    "Agreement Number":920,
    "Sponsor Name":"Wake County Schools",
    "Site Number":488,
    "Site Name":"Lynn Road Elementary",
    "ADM":594,
    "Reduced Applications":43,
    "Free Applications":365,
    "Needy %":"68.69%",
    "Grade Level":"K - 5"
  },
  {
    "Agreement Number":920,
    "Sponsor Name":"Wake County Schools",
    "Site Number":492,
    "Site Name":"Martin Middle",
    "ADM":1042,
    "Reduced Applications":37,
    "Free Applications":334,
    "Needy %":"35.60%",
    "Grade Level":"06 09"
  },
  {
    "Agreement Number":920,
    "Sponsor Name":"Wake County Schools",
    "Site Number":494,
    "Site Name":"Middle Creek Elementary",
    "ADM":917,
    "Reduced Applications":25,
    "Free Applications":165,
    "Needy %":"20.72%",
    "Grade Level":"K - 5"
  },
  {
    "Agreement Number":920,
    "Sponsor Name":"Wake County Schools",
    "Site Number":495,
    "Site Name":"Middle Creek High",
    "ADM":1801,
    "Reduced Applications":88,
    "Free Applications":588,
    "Needy %":"37.53%",
    "Grade Level":"09 12"
  },
  {
    "Agreement Number":920,
    "Sponsor Name":"Wake County Schools",
    "Site Number":496,
    "Site Name":"Millbrook Elementary",
    "ADM":823,
    "Reduced Applications":94,
    "Free Applications":508,
    "Needy %":"73.15%",
    "Grade Level":"K - 5"
  },
  {
    "Agreement Number":920,
    "Sponsor Name":"Wake County Schools",
    "Site Number":500,
    "Site Name":"Millbrook High",
    "ADM":2542,
    "Reduced Applications":143,
    "Free Applications":871,
    "Needy %":"39.89%",
    "Grade Level":"09 12"
  },
  {
    "Agreement Number":920,
    "Sponsor Name":"Wake County Schools",
    "Site Number":501,
    "Site Name":"Mills Park Elementary",
    "ADM":1004,
    "Reduced Applications":30,
    "Free Applications":97,
    "Needy %":"12.65%",
    "Grade Level":"K - 5"
  },
  {
    "Agreement Number":920,
    "Sponsor Name":"Wake County Schools",
    "Site Number":502,
    "Site Name":"Mills Park Middle",
    "ADM":1323,
    "Reduced Applications":43,
    "Free Applications":144,
    "Needy %":"14.13%",
    "Grade Level":"06 08"
  },
  {
    "Agreement Number":920,
    "Sponsor Name":"Wake County Schools",
    "Site Number":504,
    "Site Name":"Morrisville Elementary",
    "ADM":783,
    "Reduced Applications":16,
    "Free Applications":51,
    "Needy %":"8.56%",
    "Grade Level":"K - 5"
  },
  {
    "Agreement Number":920,
    "Sponsor Name":"Wake County Schools",
    "Site Number":506,
    "Site Name":"Moore Square Museum Magnet Mid",
    "ADM":500,
    "Reduced Applications":41,
    "Free Applications":269,
    "Needy %":"62.00%",
    "Grade Level":"06 08"
  },
  {
    "Agreement Number":920,
    "Sponsor Name":"Wake County Schools",
    "Site Number":508,
    "Site Name":"Mount Vernon",
    "ADM":125,
    "Reduced Applications":2,
    "Free Applications":16,
    "Needy %":"14.40%",
    "Grade Level":"06 08"
  },
  {
    "Agreement Number":920,
    "Sponsor Name":"Wake County Schools",
    "Site Number":512,
    "Site Name":"North Garner Middle",
    "ADM":952,
    "Reduced Applications":79,
    "Free Applications":466,
    "Needy %":"57.25%",
    "Grade Level":"06 08"
  },
  {
    "Agreement Number":920,
    "Sponsor Name":"Wake County Schools",
    "Site Number":514,
    "Site Name":"North Forest Pines Elementary",
    "ADM":886,
    "Reduced Applications":28,
    "Free Applications":215,
    "Needy %":"27.43%",
    "Grade Level":"K - 5"
  },
  {
    "Agreement Number":920,
    "Sponsor Name":"Wake County Schools",
    "Site Number":516,
    "Site Name":"North Ridge Elementary",
    "ADM":734,
    "Reduced Applications":26,
    "Free Applications":309,
    "Needy %":"45.64%",
    "Grade Level":"K - 5"
  },
  {
    "Agreement Number":920,
    "Sponsor Name":"Wake County Schools",
    "Site Number":520,
    "Site Name":"Northwoods Elementary",
    "ADM":549,
    "Reduced Applications":37,
    "Free Applications":208,
    "Needy %":"44.63%",
    "Grade Level":"K - 5"
  },
  {
    "Agreement Number":920,
    "Sponsor Name":"Wake County Schools",
    "Site Number":522,
    "Site Name":"Oak Grove Elementary",
    "ADM":779,
    "Reduced Applications":18,
    "Free Applications":97,
    "Needy %":"14.76%",
    "Grade Level":"K - 5"
  },
  {
    "Agreement Number":920,
    "Sponsor Name":"Wake County Schools",
    "Site Number":523,
    "Site Name":"Olive Chapel Elementary",
    "ADM":938,
    "Reduced Applications":21,
    "Free Applications":83,
    "Needy %":"11.09%",
    "Grade Level":"K - 5"
  },
  {
    "Agreement Number":920,
    "Sponsor Name":"Wake County Schools",
    "Site Number":524,
    "Site Name":"Olds Elementary",
    "ADM":302,
    "Reduced Applications":9,
    "Free Applications":73,
    "Needy %":"27.15%",
    "Grade Level":"K - 5"
  },
  {
    "Agreement Number":920,
    "Sponsor Name":"Wake County Schools",
    "Site Number":525,
    "Site Name":"Partnership Elementary",
    "ADM":332,
    "Reduced Applications":14,
    "Free Applications":98,
    "Needy %":"33.73%",
    "Grade Level":"K - 5"
  },
  {
    "Agreement Number":920,
    "Sponsor Name":"Wake County Schools",
    "Site Number":526,
    "Site Name":"Panther Creek High",
    "ADM":2440,
    "Reduced Applications":86,
    "Free Applications":254,
    "Needy %":"13.93%",
    "Grade Level":"09 12"
  },
  {
    "Agreement Number":920,
    "Sponsor Name":"Wake County Schools",
    "Site Number":528,
    "Site Name":"Phillips High",
    "ADM":162,
    "Reduced Applications":6,
    "Free Applications":48,
    "Needy %":"33.33%",
    "Grade Level":"09 12"
  },
  {
    "Agreement Number":920,
    "Sponsor Name":"Wake County Schools",
    "Site Number":530,
    "Site Name":"Penny Road Elementary",
    "ADM":600,
    "Reduced Applications":13,
    "Free Applications":178,
    "Needy %":"31.83%",
    "Grade Level":"K - 5"
  },
  {
    "Agreement Number":920,
    "Sponsor Name":"Wake County Schools",
    "Site Number":531,
    "Site Name":"Pleasant Union Elementary",
    "ADM":662,
    "Reduced Applications":19,
    "Free Applications":85,
    "Needy %":"15.71%",
    "Grade Level":"K - 5"
  },
  {
    "Agreement Number":920,
    "Sponsor Name":"Wake County Schools",
    "Site Number":532,
    "Site Name":"Poe Elementary",
    "ADM":363,
    "Reduced Applications":17,
    "Free Applications":166,
    "Needy %":"50.41%",
    "Grade Level":"Pre-K - 5"
  },
  {
    "Agreement Number":920,
    "Sponsor Name":"Wake County Schools",
    "Site Number":536,
    "Site Name":"Powell Elementary",
    "ADM":401,
    "Reduced Applications":30,
    "Free Applications":239,
    "Needy %":"67.08%",
    "Grade Level":"K - 5"
  },
  {
    "Agreement Number":920,
    "Sponsor Name":"Wake County Schools",
    "Site Number":540,
    "Site Name":"Rand Road Elementary",
    "ADM":556,
    "Reduced Applications":50,
    "Free Applications":165,
    "Needy %":"38.67%",
    "Grade Level":"K - 5"
  },
  {
    "Agreement Number":920,
    "Sponsor Name":"Wake County Schools",
    "Site Number":542,
    "Site Name":"Reedy Creek Elementary",
    "ADM":709,
    "Reduced Applications":58,
    "Free Applications":35,
    "Needy %":"13.12%",
    "Grade Level":"K - 5"
  },
  {
    "Agreement Number":920,
    "Sponsor Name":"Wake County Schools",
    "Site Number":544,
    "Site Name":"Rolesville Elementary",
    "ADM":696,
    "Reduced Applications":59,
    "Free Applications":286,
    "Needy %":"49.57%",
    "Grade Level":"Pre-K - 5"
  },
  {
    "Agreement Number":920,
    "Sponsor Name":"Wake County Schools",
    "Site Number":548,
    "Site Name":"Root Elementary",
    "ADM":444,
    "Reduced Applications":18,
    "Free Applications":148,
    "Needy %":"37.39%",
    "Grade Level":"K - 5"
  },
  {
    "Agreement Number":920,
    "Sponsor Name":"Wake County Schools",
    "Site Number":550,
    "Site Name":"Salem Elementary",
    "ADM":920,
    "Reduced Applications":13,
    "Free Applications":185,
    "Needy %":"21.52%",
    "Grade Level":"K - 5"
  },
  {
    "Agreement Number":920,
    "Sponsor Name":"Wake County Schools",
    "Site Number":551,
    "Site Name":"Salem Middle",
    "ADM":1123,
    "Reduced Applications":36,
    "Free Applications":170,
    "Needy %":"18.34%",
    "Grade Level":"06 08"
  },
  {
    "Agreement Number":920,
    "Sponsor Name":"Wake County Schools",
    "Site Number":552,
    "Site Name":"Sanderson High",
    "ADM":1990,
    "Reduced Applications":96,
    "Free Applications":635,
    "Needy %":"36.73%",
    "Grade Level":"09 12"
  },
  {
    "Agreement Number":920,
    "Sponsor Name":"Wake County Schools",
    "Site Number":554,
    "Site Name":"Sanford Creek Elementary",
    "ADM":678,
    "Reduced Applications":32,
    "Free Applications":176,
    "Needy %":"30.68%",
    "Grade Level":"K - 5"
  },
  {
    "Agreement Number":920,
    "Sponsor Name":"Wake County Schools",
    "Site Number":560,
    "Site Name":"Smith Elementary",
    "ADM":607,
    "Reduced Applications":49,
    "Free Applications":440,
    "Needy %":"80.56%",
    "Grade Level":"K - 5"
  },
  {
    "Agreement Number":920,
    "Sponsor Name":"Wake County Schools",
    "Site Number":562,
    "Site Name":"Southeast Raleigh High",
    "ADM":1666,
    "Reduced Applications":151,
    "Free Applications":987,
    "Needy %":"68.31%",
    "Grade Level":"09 12"
  },
  {
    "Agreement Number":920,
    "Sponsor Name":"Wake County Schools",
    "Site Number":564,
    "Site Name":"Stough Elementary",
    "ADM":595,
    "Reduced Applications":51,
    "Free Applications":271,
    "Needy %":"54.12%",
    "Grade Level":"K - 5"
  },
  {
    "Agreement Number":920,
    "Sponsor Name":"Wake County Schools",
    "Site Number":568,
    "Site Name":"Swift Creek Elementary",
    "ADM":541,
    "Reduced Applications":20,
    "Free Applications":179,
    "Needy %":"36.78%",
    "Grade Level":"K - 5"
  },
  {
    "Agreement Number":920,
    "Sponsor Name":"Wake County Schools",
    "Site Number":569,
    "Site Name":"Sycamore Creek Elementary",
    "ADM":1047,
    "Reduced Applications":19,
    "Free Applications":44,
    "Needy %":"6.02%",
    "Grade Level":"K - 5"
  },
  {
    "Agreement Number":920,
    "Sponsor Name":"Wake County Schools",
    "Site Number":570,
    "Site Name":"Timber Drive Elementary",
    "ADM":629,
    "Reduced Applications":35,
    "Free Applications":251,
    "Needy %":"45.47%",
    "Grade Level":"K - 5"
  },
  {
    "Agreement Number":920,
    "Sponsor Name":"Wake County Schools",
    "Site Number":571,
    "Site Name":"Turner Creek Elementary",
    "ADM":893,
    "Reduced Applications":22,
    "Free Applications":148,
    "Needy %":"19.04%",
    "Grade Level":"K - 5"
  },
  {
    "Agreement Number":920,
    "Sponsor Name":"Wake County Schools",
    "Site Number":572,
    "Site Name":"Underwood Elementary",
    "ADM":500,
    "Reduced Applications":10,
    "Free Applications":140,
    "Needy %":"30.00%",
    "Grade Level":"K - 5"
  },
  {
    "Agreement Number":920,
    "Sponsor Name":"Wake County Schools",
    "Site Number":576,
    "Site Name":"Vance Elementary",
    "ADM":575,
    "Reduced Applications":28,
    "Free Applications":168,
    "Needy %":"34.09%",
    "Grade Level":"K - 5"
  },
  {
    "Agreement Number":920,
    "Sponsor Name":"Wake County Schools",
    "Site Number":580,
    "Site Name":"Vandora Springs Elementary",
    "ADM":509,
    "Reduced Applications":21,
    "Free Applications":244,
    "Needy %":"52.06%",
    "Grade Level":"K - 5"
  },
  {
    "Agreement Number":920,
    "Sponsor Name":"Wake County Schools",
    "Site Number":582,
    "Site Name":"Wake NCSU STEM Early College",
    "ADM":55,
    "Reduced Applications":2,
    "Free Applications":14,
    "Needy %":"29.09%",
    "Grade Level":"09 09"
  },
  {
    "Agreement Number":920,
    "Sponsor Name":"Wake County Schools",
    "Site Number":583,
    "Site Name":"Wake Early College of Health and Science",
    "ADM":249,
    "Reduced Applications":6,
    "Free Applications":35,
    "Needy %":"16.47%",
    "Grade Level":"09 12"
  },
  {
    "Agreement Number":920,
    "Sponsor Name":"Wake County Schools",
    "Site Number":584,
    "Site Name":"Wake Forest Elementary",
    "ADM":639,
    "Reduced Applications":62,
    "Free Applications":238,
    "Needy %":"46.95%",
    "Grade Level":"K - 5"
  },
  {
    "Agreement Number":920,
    "Sponsor Name":"Wake County Schools",
    "Site Number":588,
    "Site Name":"Wake Forest-Rolesville High",
    "ADM":2046,
    "Reduced Applications":99,
    "Free Applications":570,
    "Needy %":"32.70%",
    "Grade Level":"09 12"
  },
  {
    "Agreement Number":920,
    "Sponsor Name":"Wake County Schools",
    "Site Number":592,
    "Site Name":"Wake Forest-Rolesville Mid",
    "ADM":1105,
    "Reduced Applications":103,
    "Free Applications":440,
    "Needy %":"49.14%",
    "Grade Level":"06 08"
  },
  {
    "Agreement Number":920,
    "Sponsor Name":"Wake County Schools",
    "Site Number":593,
    "Site Name":"Wakefield Elementary",
    "ADM":738,
    "Reduced Applications":25,
    "Free Applications":245,
    "Needy %":"36.59%",
    "Grade Level":"K - 5"
  },
  {
    "Agreement Number":920,
    "Sponsor Name":"Wake County Schools",
    "Site Number":594,
    "Site Name":"Wakefield Middle",
    "ADM":1185,
    "Reduced Applications":45,
    "Free Applications":296,
    "Needy %":"28.78%",
    "Grade Level":"06 08"
  },
  {
    "Agreement Number":920,
    "Sponsor Name":"Wake County Schools",
    "Site Number":595,
    "Site Name":"Wakefield High",
    "ADM":2406,
    "Reduced Applications":135,
    "Free Applications":764,
    "Needy %":"37.36%",
    "Grade Level":"09 12"
  },
  {
    "Agreement Number":920,
    "Sponsor Name":"Wake County Schools",
    "Site Number":596,
    "Site Name":"Washington Elementary",
    "ADM":602,
    "Reduced Applications":13,
    "Free Applications":136,
    "Needy %":"24.75%",
    "Grade Level":"K - 5"
  },
  {
    "Agreement Number":920,
    "Sponsor Name":"Wake County Schools",
    "Site Number":597,
    "Site Name":"Wakelon Elementary",
    "ADM":565,
    "Reduced Applications":64,
    "Free Applications":407,
    "Needy %":"83.36%",
    "Grade Level":"K - 5"
  },
  {
    "Agreement Number":920,
    "Sponsor Name":"Wake County Schools",
    "Site Number":598,
    "Site Name":"Weatherstone Elementary",
    "ADM":570,
    "Reduced Applications":27,
    "Free Applications":171,
    "Needy %":"34.74%",
    "Grade Level":"K - 5"
  },
  {
    "Agreement Number":920,
    "Sponsor Name":"Wake County Schools",
    "Site Number":599,
    "Site Name":"Walnut Creek Elementary",
    "ADM":890,
    "Reduced Applications":92,
    "Free Applications":679,
    "Needy %":"86.63%",
    "Grade Level":"K - 5"
  },
  {
    "Agreement Number":920,
    "Sponsor Name":"Wake County Schools",
    "Site Number":600,
    "Site Name":"Wendell Elementary",
    "ADM":446,
    "Reduced Applications":34,
    "Free Applications":246,
    "Needy %":"62.78%",
    "Grade Level":"K - 5"
  },
  {
    "Agreement Number":920,
    "Sponsor Name":"Wake County Schools",
    "Site Number":601,
    "Site Name":"Wendell Middle",
    "ADM":1074,
    "Reduced Applications":128,
    "Free Applications":559,
    "Needy %":"63.97%",
    "Grade Level":"06 08"
  },
  {
    "Agreement Number":920,
    "Sponsor Name":"Wake County Schools",
    "Site Number":604,
    "Site Name":"West Cary Middle",
    "ADM":719,
    "Reduced Applications":35,
    "Free Applications":164,
    "Needy %":"27.68%",
    "Grade Level":"06 08"
  },
  {
    "Agreement Number":920,
    "Sponsor Name":"Wake County Schools",
    "Site Number":606,
    "Site Name":"West Lake Elementary",
    "ADM":829,
    "Reduced Applications":18,
    "Free Applications":161,
    "Needy %":"21.59%",
    "Grade Level":"K - 5"
  },
  {
    "Agreement Number":920,
    "Sponsor Name":"Wake County Schools",
    "Site Number":607,
    "Site Name":"West Lake Middle",
    "ADM":1295,
    "Reduced Applications":52,
    "Free Applications":242,
    "Needy %":"22.70%",
    "Grade Level":"06 08"
  },
  {
    "Agreement Number":920,
    "Sponsor Name":"Wake County Schools",
    "Site Number":608,
    "Site Name":"West Millbrook Middle",
    "ADM":987,
    "Reduced Applications":70,
    "Free Applications":398,
    "Needy %":"47.42%",
    "Grade Level":"06 08"
  },
  {
    "Agreement Number":920,
    "Sponsor Name":"Wake County Schools",
    "Site Number":616,
    "Site Name":"Wilburn Elementary",
    "ADM":626,
    "Reduced Applications":52,
    "Free Applications":322,
    "Needy %":"59.74%",
    "Grade Level":"K - 5"
  },
  {
    "Agreement Number":920,
    "Sponsor Name":"Wake County Schools",
    "Site Number":618,
    "Site Name":"Wildwood Forest Elementary",
    "ADM":861,
    "Reduced Applications":72,
    "Free Applications":403,
    "Needy %":"55.17%",
    "Grade Level":"K - 5"
  },
  {
    "Agreement Number":920,
    "Sponsor Name":"Wake County Schools",
    "Site Number":620,
    "Site Name":"Wiley Elementary",
    "ADM":460,
    "Reduced Applications":17,
    "Free Applications":115,
    "Needy %":"28.70%",
    "Grade Level":"K - 5"
  },
  {
    "Agreement Number":920,
    "Sponsor Name":"Wake County Schools",
    "Site Number":624,
    "Site Name":"Willow Springs Elementary",
    "ADM":947,
    "Reduced Applications":53,
    "Free Applications":240,
    "Needy %":"30.94%",
    "Grade Level":"K - 5"
  },
  {
    "Agreement Number":920,
    "Sponsor Name":"Wake County Schools",
    "Site Number":626,
    "Site Name":"Yates Mill Elementary",
    "ADM":550,
    "Reduced Applications":19,
    "Free Applications":232,
    "Needy %":"45.64%",
    "Grade Level":"K - 5"
  },
  {
    "Agreement Number":920,
    "Sponsor Name":"Wake County Schools",
    "Site Number":628,
    "Site Name":"York Elementary",
    "ADM":517,
    "Reduced Applications":38,
    "Free Applications":280,
    "Needy %":"61.51%",
    "Grade Level":"K - 5"
  },
  {
    "Agreement Number":920,
    "Sponsor Name":"Wake County Schools",
    "Site Number":632,
    "Site Name":"Zebulon Elementary",
    "ADM":504,
    "Reduced Applications":41,
    "Free Applications":316,
    "Needy %":"70.83%",
    "Grade Level":"K - 5"
  },
  {
    "Agreement Number":920,
    "Sponsor Name":"Wake County Schools",
    "Site Number":636,
    "Site Name":"Zebulon Middle",
    "ADM":581,
    "Reduced Applications":47,
    "Free Applications":337,
    "Needy %":"66.09%",
    "Grade Level":"06 08"
  },
  {
    "Agreement Number":920,
    "Sponsor Name":"Wake County Schools",
    "Site Number":701,
    "Site Name":" EAST WAKE SCHOOL OF  ",
    "ADM":310,
    "Reduced Applications":0,
    "Free Applications":0,
    "Needy %":"0.00%",
    "Grade Level":"09 12"
  },
  {
    "Agreement Number":920,
    "Sponsor Name":"Wake County Schools",
    "Site Number":702,
    "Site Name":" EAST WAKE SCHOOL OF  ",
    "ADM":372,
    "Reduced Applications":0,
    "Free Applications":0,
    "Needy %":"0.00%",
    "Grade Level":"09 12"
  },
  {
    "Agreement Number":920,
    "Sponsor Name":"Wake County Schools",
    "Site Number":703,
    "Site Name":" EAST WAKE SCHOOL OF  ",
    "ADM":359,
    "Reduced Applications":0,
    "Free Applications":0,
    "Needy %":"0.00%",
    "Grade Level":"09 12"
  }
]