[
  {
    "Agreement Number":920,
    "Sponsor Name":"Wake County Schools",
    "Site Number":302,
    "Site Name":"River Bend Elementary",
    "ADM":785,
    "Reduced Applications":60,
    "Free Applications":417,
    "Needy %":"60.76%",
    "Grade Level":"K - 5"
  },
  {
    "Agreement Number":920,
    "Sponsor Name":"Wake County Schools",
    "Site Number":304,
    "Site Name":"Adams Elementary",
    "ADM":803,
    "Reduced Applications":39,
    "Free Applications":238,
    "Needy %":"34.50%",
    "Grade Level":"K - 5"
  },
  {
    "Agreement Number":920,
    "Sponsor Name":"Wake County Schools",
    "Site Number":306,
    "Site Name":"Herbert Akins Elementary",
    "ADM":845,
    "Reduced Applications":29,
    "Free Applications":185,
    "Needy %":"25.33%",
    "Grade Level":"K - 5"
  },
  {
    "Agreement Number":920,
    "Sponsor Name":"Wake County Schools",
    "Site Number":307,
    "Site Name":"Alston Ridge Elementary",
    "ADM":780,
    "Reduced Applications":17,
    "Free Applications":72,
    "Needy %":"11.41%",
    "Grade Level":"K - 5"
  },
  {
    "Agreement Number":920,
    "Sponsor Name":"Wake County Schools",
    "Site Number":308,
    "Site Name":"Apex Elementary",
    "ADM":678,
    "Reduced Applications":48,
    "Free Applications":204,
    "Needy %":"37.17%",
    "Grade Level":"K - 5"
  },
  {
    "Agreement Number":920,
    "Sponsor Name":"Wake County Schools",
    "Site Number":312,
    "Site Name":"Apex Middle",
    "ADM":1095,
    "Reduced Applications":34,
    "Free Applications":174,
    "Needy %":"19.00%",
    "Grade Level":"06 08"
  },
  {
    "Agreement Number":920,
    "Sponsor Name":"Wake County Schools",
    "Site Number":316,
    "Site Name":"Apex High",
    "ADM":2556,
    "Reduced Applications":45,
    "Free Applications":196,
    "Needy %":"9.43%",
    "Grade Level":"09 12"
  },
  {
    "Agreement Number":920,
    "Sponsor Name":"Wake County Schools",
    "Site Number":318,
    "Site Name":"Athens Drive High",
    "ADM":1920,
    "Reduced Applications":68,
    "Free Applications":602,
    "Needy %":"34.90%",
    "Grade Level":"09 12"
  },
  {
    "Agreement Number":920,
    "Sponsor Name":"Wake County Schools",
    "Site Number":320,
    "Site Name":"Aversboro Elementary",
    "ADM":536,
    "Reduced Applications":46,
    "Free Applications":299,
    "Needy %":"64.37%",
    "Grade Level":"K - 5"
  },
  {
    "Agreement Number":920,
    "Sponsor Name":"Wake County Schools",
    "Site Number":324,
    "Site Name":"Longview",
    "ADM":78,
    "Reduced Applications":0,
    "Free Applications":0,
    "Needy %":"0.00%",
    "Grade Level":"06 12"
  },
  {
    "Agreement Number":920,
    "Sponsor Name":"Wake County Schools",
    "Site Number":325,
    "Site Name":"Banks Road Elementary",
    "ADM":771,
    "Reduced Applications":43,
    "Free Applications":174,
    "Needy %":"28.15%",
    "Grade Level":"K - 5"
  },
  {
    "Agreement Number":920,
    "Sponsor Name":"Wake County Schools",
    "Site Number":326,
    "Site Name":"Baileywick Road Elementary",
    "ADM":441,
    "Reduced Applications":14,
    "Free Applications":222,
    "Needy %":"53.51%",
    "Grade Level":"K - 5"
  },
  {
    "Agreement Number":920,
    "Sponsor Name":"Wake County Schools",
    "Site Number":327,
    "Site Name":"Ballentine Elementary",
    "ADM":566,
    "Reduced Applications":23,
    "Free Applications":139,
    "Needy %":"28.62%",
    "Grade Level":"K - 5"
  },
  {
    "Agreement Number":920,
    "Sponsor Name":"Wake County Schools",
    "Site Number":328,
    "Site Name":"Baucom Elementary",
    "ADM":870,
    "Reduced Applications":21,
    "Free Applications":136,
    "Needy %":"18.05%",
    "Grade Level":"K - 5"
  },
  {
    "Agreement Number":920,
    "Sponsor Name":"Wake County Schools",
    "Site Number":329,
    "Site Name":"Bar Well Road Elementary",
    "ADM":672,
    "Reduced Applications":74,
    "Free Applications":454,
    "Needy %":"78.57%",
    "Grade Level":"K - 5"
  },
  {
    "Agreement Number":920,
    "Sponsor Name":"Wake County Schools",
    "Site Number":334,
    "Site Name":"Brassfield Elementary",
    "ADM":762,
    "Reduced Applications":12,
    "Free Applications":81,
    "Needy %":"12.20%",
    "Grade Level":"Pre-K - 5"
  },
  {
    "Agreement Number":920,
    "Sponsor Name":"Wake County Schools",
    "Site Number":336,
    "Site Name":"Brentwood Elementary",
    "ADM":437,
    "Reduced Applications":45,
    "Free Applications":333,
    "Needy %":"86.50%",
    "Grade Level":"K - 5"
  },
  {
    "Agreement Number":920,
    "Sponsor Name":"Wake County Schools",
    "Site Number":340,
    "Site Name":"Briarcliff Elementary",
    "ADM":599,
    "Reduced Applications":32,
    "Free Applications":255,
    "Needy %":"47.91%",
    "Grade Level":"K - 5"
  },
  {
    "Agreement Number":920,
    "Sponsor Name":"Wake County Schools",
    "Site Number":342,
    "Site Name":"Brier Creek Elementary",
    "ADM":787,
    "Reduced Applications":21,
    "Free Applications":161,
    "Needy %":"23.13%",
    "Grade Level":"K - 5"
  },
  {
    "Agreement Number":920,
    "Sponsor Name":"Wake County Schools",
    "Site Number":344,
    "Site Name":"Brooks Elementary",
    "ADM":578,
    "Reduced Applications":17,
    "Free Applications":128,
    "Needy %":"25.09%",
    "Grade Level":"K - 5"
  },
  {
    "Agreement Number":920,
    "Sponsor Name":"Wake County Schools",
    "Site Number":348,
    "Site Name":"Needham Broughton High",
    "ADM":2127,
    "Reduced Applications":84,
    "Free Applications":685,
    "Needy %":"36.15%",
    "Grade Level":"09 12"
  },
  {
    "Agreement Number":920,
    "Sponsor Name":"Wake County Schools",
    "Site Number":352,
    "Site Name":"Bugg Elementary",
    "ADM":603,
    "Reduced Applications":65,
    "Free Applications":346,
    "Needy %":"68.16%",
    "Grade Level":"K - 5"
  },
  {
    "Agreement Number":920,
    "Sponsor Name":"Wake County Schools",
    "Site Number":356,
    "Site Name":"Carnage Middle",
    "ADM":1272,
    "Reduced Applications":65,
    "Free Applications":401,
    "Needy %":"36.64%",
    "Grade Level":"06 08"
  },
  {
    "Agreement Number":920,
    "Sponsor Name":"Wake County Schools",
    "Site Number":358,
    "Site Name":"Carpenter Elementary",
    "ADM":728,
    "Reduced Applications":28,
    "Free Applications":140,
    "Needy %":"23.08%",
    "Grade Level":"K - 5"
  },
  {
    "Agreement Number":920,
    "Sponsor Name":"Wake County Schools",
    "Site Number":360,
    "Site Name":"Carroll Middle",
    "ADM":816,
    "Reduced Applications":66,
    "Free Applications":538,
    "Needy %":"74.02%",
    "Grade Level":"06 08"
  },
  {
    "Agreement Number":920,
    "Sponsor Name":"Wake County Schools",
    "Site Number":362,
    "Site Name":"Carver Elementary",
    "ADM":461,
    "Reduced Applications":36,
    "Free Applications":257,
    "Needy %":"63.56%",
    "Grade Level":"Pre-K - 5"
  },
  {
    "Agreement Number":920,
    "Sponsor Name":"Wake County Schools",
    "Site Number":364,
    "Site Name":"Cary Elementary",
    "ADM":551,
    "Reduced Applications":44,
    "Free Applications":198,
    "Needy %":"43.92%",
    "Grade Level":"K - 5"
  },
  {
    "Agreement Number":920,
    "Sponsor Name":"Wake County Schools",
    "Site Number":368,
    "Site Name":"Cary High",
    "ADM":2310,
    "Reduced Applications":131,
    "Free Applications":638,
    "Needy %":"33.29%",
    "Grade Level":"09 12"
  },
  {
    "Agreement Number":920,
    "Sponsor Name":"Wake County Schools",
    "Site Number":369,
    "Site Name":"Cedar Fork Elementary",
    "ADM":773,
    "Reduced Applications":31,
    "Free Applications":48,
    "Needy %":"10.22%",
    "Grade Level":"K - 5"
  },
  {
    "Agreement Number":920,
    "Sponsor Name":"Wake County Schools",
    "Site Number":370,
    "Site Name":"Centennial Campus Middle",
    "ADM":568,
    "Reduced Applications":35,
    "Free Applications":222,
    "Needy %":"45.25%",
    "Grade Level":"06 08"
  },
  {
    "Agreement Number":920,
    "Sponsor Name":"Wake County Schools",
    "Site Number":376,
    "Site Name":"Combs Elementary",
    "ADM":875,
    "Reduced Applications":26,
    "Free Applications":276,
    "Needy %":"34.51%",
    "Grade Level":"K - 5"
  },
  {
    "Agreement Number":920,
    "Sponsor Name":"Wake County Schools",
    "Site Number":380,
    "Site Name":"Conn Elementary",
    "ADM":663,
    "Reduced Applications":42,
    "Free Applications":292,
    "Needy %":"50.38%",
    "Grade Level":"K - 5"
  },
  {
    "Agreement Number":920,
    "Sponsor Name":"Wake County Schools",
    "Site Number":384,
    "Site Name":"Creech Road Elementary",
    "ADM":610,
    "Reduced Applications":50,
    "Free Applications":472,
    "Needy %":"85.57%",
    "Grade Level":"K - 5"
  },
  {
    "Agreement Number":920,
    "Sponsor Name":"Wake County Schools",
    "Site Number":388,
    "Site Name":"Daniels Middle",
    "ADM":1186,
    "Reduced Applications":59,
    "Free Applications":477,
    "Needy %":"45.19%",
    "Grade Level":"06 08"
  },
  {
    "Agreement Number":920,
    "Sponsor Name":"Wake County Schools",
    "Site Number":390,
    "Site Name":"Davis Drive Elementary",
    "ADM":966,
    "Reduced Applications":9,
    "Free Applications":39,
    "Needy %":"4.97%",
    "Grade Level":"K - 5"
  },
  {
    "Agreement Number":920,
    "Sponsor Name":"Wake County Schools",
    "Site Number":391,
    "Site Name":"Davis Drive Middle",
    "ADM":1129,
    "Reduced Applications":18,
    "Free Applications":62,
    "Needy %":"7.09%",
    "Grade Level":"06 08"
  },
  {
    "Agreement Number":920,
    "Sponsor Name":"Wake County Schools",
    "Site Number":393,
    "Site Name":"Dillard Drive Elementary",
    "ADM":693,
    "Reduced Applications":42,
    "Free Applications":398,
    "Needy %":"63.49%",
    "Grade Level":"K - 5"
  },
  {
    "Agreement Number":920,
    "Sponsor Name":"Wake County Schools",
    "Site Number":394,
    "Site Name":"Dillard Drive Middle",
    "ADM":1084,
    "Reduced Applications":62,
    "Free Applications":550,
    "Needy %":"56.46%",
    "Grade Level":"06 08"
  },
  {
    "Agreement Number":920,
    "Sponsor Name":"Wake County Schools",
    "Site Number":396,
    "Site Name":"Douglas Elementary",
    "ADM":682,
    "Reduced Applications":22,
    "Free Applications":254,
    "Needy %":"40.47%",
    "Grade Level":"K - 5"
  },
  {
    "Agreement Number":920,
    "Sponsor Name":"Wake County Schools",
    "Site Number":398,
    "Site Name":"Durant Road Elementary",
    "ADM":950,
    "Reduced Applications":36,
    "Free Applications":238,
    "Needy %":"28.84%",
    "Grade Level":"K - 5"
  },
  {
    "Agreement Number":920,
    "Sponsor Name":"Wake County Schools",
    "Site Number":399,
    "Site Name":"Durant Road Middle",
    "ADM":1318,
    "Reduced Applications":55,
    "Free Applications":289,
    "Needy %":"26.10%",
    "Grade Level":"06 08"
  },
  {
    "Agreement Number":920,
    "Sponsor Name":"Wake County Schools",
    "Site Number":400,
    "Site Name":"Reedy Creek Middle",
    "ADM":886,
    "Reduced Applications":67,
    "Free Applications":375,
    "Needy %":"49.89%",
    "Grade Level":"06 08"
  },
  {
    "Agreement Number":920,
    "Sponsor Name":"Wake County Schools",
    "Site Number":402,
    "Site Name":"East Cary Middle",
    "ADM":749,
    "Reduced Applications":39,
    "Free Applications":234,
    "Needy %":"36.45%",
    "Grade Level":"06 08"
  },
  {
    "Agreement Number":920,
    "Sponsor Name":"Wake County Schools",
    "Site Number":403,
    "Site Name":"East Garner Elementary",
    "ADM":610,
    "Reduced Applications":49,
    "Free Applications":407,
    "Needy %":"74.75%",
    "Grade Level":"K - 5"
  },
  {
    "Agreement Number":920,
    "Sponsor Name":"Wake County Schools",
    "Site Number":404,
    "Site Name":"East Garner Middle",
    "ADM":1250,
    "Reduced Applications":115,
    "Free Applications":624,
    "Needy %":"59.12%",
    "Grade Level":"06 08"
  },
  {
    "Agreement Number":920,
    "Sponsor Name":"Wake County Schools",
    "Site Number":408,
    "Site Name":"East Millbrook Middle",
    "ADM":1082,
    "Reduced Applications":100,
    "Free Applications":606,
    "Needy %":"65.25%",
    "Grade Level":"06 08"
  },
  {
    "Agreement Number":920,
    "Sponsor Name":"Wake County Schools",
    "Site Number":410,
    "Site Name":"East Wake Middle",
    "ADM":995,
    "Reduced Applications":98,
    "Free Applications":597,
    "Needy %":"69.85%",
    "Grade Level":"06 08"
  },
  {
    "Agreement Number":920,
    "Sponsor Name":"Wake County Schools",
    "Site Number":411,
    "Site Name":"East Wake High",
    "ADM":1399,
    "Reduced Applications":119,
    "Free Applications":628,
    "Needy %":"0.00%",
    "Grade Level":"09 12"
  },
  {
    "Agreement Number":920,
    "Sponsor Name":"Wake County Schools",
    "Site Number":412,
    "Site Name":"William G Enloe High",
    "ADM":2614,
    "Reduced Applications":128,
    "Free Applications":1086,
    "Needy %":"46.44%",
    "Grade Level":"09 12"
  },
  {
    "Agreement Number":920,
    "Sponsor Name":"Wake County Schools",
    "Site Number":413,
    "Site Name":"Forestville Road Elementary",
    "ADM":674,
    "Reduced Applications":46,
    "Free Applications":384,
    "Needy %":"63.80%",
    "Grade Level":"K - 5"
  },
  {
    "Agreement Number":920,
    "Sponsor Name":"Wake County Schools",
    "Site Number":414,
    "Site Name":"Farmington Woods Elementary",
    "ADM":794,
    "Reduced Applications":26,
    "Free Applications":195,
    "Needy %":"27.83%",
    "Grade Level":"K - 5"
  },
  {
    "Agreement Number":920,
    "Sponsor Name":"Wake County Schools",
    "Site Number":415,
    "Site Name":"Fox Road Elementary",
    "ADM":825,
    "Reduced Applications":89,
    "Free Applications":586,
    "Needy %":"81.82%",
    "Grade Level":"K - 5"
  },
  {
    "Agreement Number":920,
    "Sponsor Name":"Wake County Schools",
    "Site Number":416,
    "Site Name":"Fuller Elementary",
    "ADM":607,
    "Reduced Applications":14,
    "Free Applications":239,
    "Needy %":"41.68%",
    "Grade Level":"K - 5"
  },
  {
    "Agreement Number":920,
    "Sponsor Name":"Wake County Schools",
    "Site Number":417,
    "Site Name":"Forest Pines Elementary",
    "ADM":684,
    "Reduced Applications":41,
    "Free Applications":188,
    "Needy %":"33.48%",
    "Grade Level":"K - 5"
  },
  {
    "Agreement Number":920,
    "Sponsor Name":"Wake County Schools",
    "Site Number":420,
    "Site Name":"Fuquay-Varina Elementary",
    "ADM":692,
    "Reduced Applications":42,
    "Free Applications":285,
    "Needy %":"47.25%",
    "Grade Level":"K - 5"
  },
  {
    "Agreement Number":920,
    "Sponsor Name":"Wake County Schools",
    "Site Number":424,
    "Site Name":"Fuquay-Varina Middle",
    "ADM":870,
    "Reduced Applications":59,
    "Free Applications":374,
    "Needy %":"49.77%",
    "Grade Level":"06 08"
  },
  {
    "Agreement Number":920,
    "Sponsor Name":"Wake County Schools",
    "Site Number":428,
    "Site Name":"Fuquay-Varina High",
    "ADM":1871,
    "Reduced Applications":99,
    "Free Applications":468,
    "Needy %":"30.30%",
    "Grade Level":"09 12"
  },
  {
    "Agreement Number":920,
    "Sponsor Name":"Wake County Schools",
    "Site Number":436,
    "Site Name":"Garner High",
    "ADM":2333,
    "Reduced Applications":164,
    "Free Applications":864,
    "Needy %":"44.06%",
    "Grade Level":"09 12"
  },
  {
    "Agreement Number":920,
    "Sponsor Name":"Wake County Schools",
    "Site Number":438,
    "Site Name":"River Oaks Middle",
    "ADM":70,
    "Reduced Applications":0,
    "Free Applications":0,
    "Needy %":"0.00%",
    "Grade Level":"06 08"
  },
  {
    "Agreement Number":920,
    "Sponsor Name":"Wake County Schools",
    "Site Number":439,
    "Site Name":"Green Hope Elementary",
    "ADM":882,
    "Reduced Applications":19,
    "Free Applications":100,
    "Needy %":"13.49%",
    "Grade Level":"K - 5"
  },
  {
    "Agreement Number":920,
    "Sponsor Name":"Wake County Schools",
    "Site Number":440,
    "Site Name":"Green Elementary",
    "ADM":478,
    "Reduced Applications":34,
    "Free Applications":244,
    "Needy %":"58.16%",
    "Grade Level":"K - 5"
  },
  {
    "Agreement Number":920,
    "Sponsor Name":"Wake County Schools",
    "Site Number":441,
    "Site Name":"Green Hope High",
    "ADM":2197,
    "Reduced Applications":27,
    "Free Applications":111,
    "Needy %":"6.28%",
    "Grade Level":"09 12"
  },
  {
    "Agreement Number":920,
    "Sponsor Name":"Wake County Schools",
    "Site Number":442,
    "Site Name":"Hilburn Drive Elementary",
    "ADM":550,
    "Reduced Applications":37,
    "Free Applications":140,
    "Needy %":"32.18%",
    "Grade Level":"K - 5"
  },
  {
    "Agreement Number":920,
    "Sponsor Name":"Wake County Schools",
    "Site Number":443,
    "Site Name":"Highcroft Elementary",
    "ADM":846,
    "Reduced Applications":12,
    "Free Applications":45,
    "Needy %":"6.74%",
    "Grade Level":"K - 5"
  },
  {
    "Agreement Number":920,
    "Sponsor Name":"Wake County Schools",
    "Site Number":444,
    "Site Name":"Heritage Middle",
    "ADM":1397,
    "Reduced Applications":47,
    "Free Applications":163,
    "Needy %":"15.03%",
    "Grade Level":"06 08"
  },
  {
    "Agreement Number":920,
    "Sponsor Name":"Wake County Schools",
    "Site Number":445,
    "Site Name":"Heritage High",
    "ADM":1790,
    "Reduced Applications":100,
    "Free Applications":384,
    "Needy %":"27.04%",
    "Grade Level":"09 12"
  },
  {
    "Agreement Number":920,
    "Sponsor Name":"Wake County Schools",
    "Site Number":446,
    "Site Name":"Hodge Road Elementary",
    "ADM":624,
    "Reduced Applications":34,
    "Free Applications":527,
    "Needy %":"89.90%",
    "Grade Level":"K - 5"
  },
  {
    "Agreement Number":920,
    "Sponsor Name":"Wake County Schools",
    "Site Number":447,
    "Site Name":"Holly Springs Elementary",
    "ADM":1017,
    "Reduced Applications":19,
    "Free Applications":107,
    "Needy %":"12.39%",
    "Grade Level":"K - 5"
  },
  {
    "Agreement Number":920,
    "Sponsor Name":"Wake County Schools",
    "Site Number":448,
    "Site Name":"Hunter Elementary",
    "ADM":694,
    "Reduced Applications":20,
    "Free Applications":306,
    "Needy %":"46.97%",
    "Grade Level":"K - 5"
  },
  {
    "Agreement Number":920,
    "Sponsor Name":"Wake County Schools",
    "Site Number":449,
    "Site Name":"Holly Ridge Elementary",
    "ADM":832,
    "Reduced Applications":39,
    "Free Applications":205,
    "Needy %":"29.33%",
    "Grade Level":"K - 5"
  },
  {
    "Agreement Number":920,
    "Sponsor Name":"Wake County Schools",
    "Site Number":450,
    "Site Name":"Holly Ridge Middle",
    "ADM":1109,
    "Reduced Applications":57,
    "Free Applications":251,
    "Needy %":"27.77%",
    "Grade Level":"06 08"
  },
  {
    "Agreement Number":920,
    "Sponsor Name":"Wake County Schools",
    "Site Number":451,
    "Site Name":"Harris Creek Elementary",
    "ADM":914,
    "Reduced Applications":56,
    "Free Applications":242,
    "Needy %":"32.60%",
    "Grade Level":"K - 5"
  },
  {
    "Agreement Number":920,
    "Sponsor Name":"Wake County Schools",
    "Site Number":452,
    "Site Name":"Jeffreys Grove Elementary",
    "ADM":485,
    "Reduced Applications":27,
    "Free Applications":151,
    "Needy %":"36.70%",
    "Grade Level":"K - 5"
  },
  {
    "Agreement Number":920,
    "Sponsor Name":"Wake County Schools",
    "Site Number":453,
    "Site Name":"Jones Dairy Elementary",
    "ADM":824,
    "Reduced Applications":24,
    "Free Applications":99,
    "Needy %":"14.93%",
    "Grade Level":"K - 5"
  },
  {
    "Agreement Number":920,
    "Sponsor Name":"Wake County Schools",
    "Site Number":454,
    "Site Name":"Heritage Elementary",
    "ADM":875,
    "Reduced Applications":19,
    "Free Applications":101,
    "Needy %":"13.71%",
    "Grade Level":"K - 5"
  },
  {
    "Agreement Number":920,
    "Sponsor Name":"Wake County Schools",
    "Site Number":455,
    "Site Name":"Holly Springs High",
    "ADM":2214,
    "Reduced Applications":85,
    "Free Applications":359,
    "Needy %":"20.05%",
    "Grade Level":"09 12"
  },
  {
    "Agreement Number":920,
    "Sponsor Name":"Wake County Schools",
    "Site Number":456,
    "Site Name":"Joyner Elementary",
    "ADM":708,
    "Reduced Applications":28,
    "Free Applications":193,
    "Needy %":"31.21%",
    "Grade Level":"K - 5"
  },
  {
    "Agreement Number":920,
    "Sponsor Name":"Wake County Schools",
    "Site Number":457,
    "Site Name":"Holly Grove Elementary",
    "ADM":1097,
    "Reduced Applications":39,
    "Free Applications":110,
    "Needy %":"13.58%",
    "Grade Level":"K - 5"
  },
  {
    "Agreement Number":920,
    "Sponsor Name":"Wake County Schools",
    "Site Number":458,
    "Site Name":"Holly Grove Middle",
    "ADM":1253,
    "Reduced Applications":43,
    "Free Applications":202,
    "Needy %":"19.55%",
    "Grade Level":"06 08"
  },
  {
    "Agreement Number":920,
    "Sponsor Name":"Wake County Schools",
    "Site Number":460,
    "Site Name":"Kingswood Elementary",
    "ADM":370,
    "Reduced Applications":51,
    "Free Applications":215,
    "Needy %":"71.89%",
    "Grade Level":"K - 5"
  },
  {
    "Agreement Number":920,
    "Sponsor Name":"Wake County Schools",
    "Site Number":464,
    "Site Name":"Knightdale Elementary",
    "ADM":697,
    "Reduced Applications":65,
    "Free Applications":435,
    "Needy %":"71.74%",
    "Grade Level":"K - 5"
  },
  {
    "Agreement Number":920,
    "Sponsor Name":"Wake County Schools",
    "Site Number":466,
    "Site Name":"Knightdale High",
    "ADM":1656,
    "Reduced Applications":131,
    "Free Applications":792,
    "Needy %":"55.74%",
    "Grade Level":"09 12"
  },
  {
    "Agreement Number":920,
    "Sponsor Name":"Wake County Schools",
    "Site Number":467,
    "Site Name":"Laurel Park Elementary",
    "ADM":959,
    "Reduced Applications":20,
    "Free Applications":98,
    "Needy %":"12.30%",
    "Grade Level":"K - 5"
  },
  {
    "Agreement Number":920,
    "Sponsor Name":"Wake County Schools",
    "Site Number":468,
    "Site Name":"Lacy Elementary",
    "ADM":800,
    "Reduced Applications":14,
    "Free Applications":187,
    "Needy %":"25.13%",
    "Grade Level":"K - 5"
  },
  {
    "Agreement Number":920,
    "Sponsor Name":"Wake County Schools",
    "Site Number":469,
    "Site Name":"Leesville Road Elementary",
    "ADM":915,
    "Reduced Applications":0,
    "Free Applications":0,
    "Needy %":"0.00%",
    "Grade Level":"K - 5"
  },
  {
    "Agreement Number":920,
    "Sponsor Name":"Wake County Schools",
    "Site Number":470,
    "Site Name":"Lead Mine Elementary",
    "ADM":518,
    "Reduced Applications":20,
    "Free Applications":189,
    "Needy %":"40.35%",
    "Grade Level":"K - 5"
  },
  {
    "Agreement Number":920,
    "Sponsor Name":"Wake County Schools",
    "Site Number":471,
    "Site Name":"Leesville Road Middle",
    "ADM":1177,
    "Reduced Applications":91,
    "Free Applications":482,
    "Needy %":"48.68%",
    "Grade Level":"06 08"
  },
  {
    "Agreement Number":920,
    "Sponsor Name":"Wake County Schools",
    "Site Number":472,
    "Site Name":"Ligon Middle",
    "ADM":1154,
    "Reduced Applications":44,
    "Free Applications":393,
    "Needy %":"37.87%",
    "Grade Level":"06 08"
  },
  {
    "Agreement Number":920,
    "Sponsor Name":"Wake County Schools",
    "Site Number":473,
    "Site Name":"Leesville Road High",
    "ADM":2273,
    "Reduced Applications":69,
    "Free Applications":350,
    "Needy %":"18.43%",
    "Grade Level":"09 12"
  },
  {
    "Agreement Number":920,
    "Sponsor Name":"Wake County Schools",
    "Site Number":474,
    "Site Name":"Lake Myra Elementary",
    "ADM":589,
    "Reduced Applications":52,
    "Free Applications":275,
    "Needy %":"55.52%",
    "Grade Level":"K - 5"
  },
  {
    "Agreement Number":920,
    "Sponsor Name":"Wake County Schools",
    "Site Number":476,
    "Site Name":"Lincoln Heights Elementary",
    "ADM":510,
    "Reduced Applications":36,
    "Free Applications":311,
    "Needy %":"68.04%",
    "Grade Level":"K - 5"
  },
  {
    "Agreement Number":920,
    "Sponsor Name":"Wake County Schools",
    "Site Number":480,
    "Site Name":"Lockhart Elementary",
    "ADM":703,
    "Reduced Applications":58,
    "Free Applications":376,
    "Needy %":"61.74%",
    "Grade Level":"K - 5"
  },
  {
    "Agreement Number":920,
    "Sponsor Name":"Wake County Schools",
    "Site Number":484,
    "Site Name":"Lufkin Road Middle",
    "ADM":925,
    "Reduced Applications":14,
    "Free Applications":102,
    "Needy %":"12.54%",
    "Grade Level":"06 08"
  },
  {
    "Agreement Number":920,
    "Sponsor Name":"Wake County Schools",
    "Site Number":488,
    "Site Name":"Lynn Road Elementary",
    "ADM":538,
    "Reduced Applications":37,
    "Free Applications":309,
    "Needy %":"64.31%",
    "Grade Level":"K - 5"
  },
  {
    "Agreement Number":920,
    "Sponsor Name":"Wake County Schools",
    "Site Number":492,
    "Site Name":"Martin Middle",
    "ADM":1021,
    "Reduced Applications":23,
    "Free Applications":245,
    "Needy %":"26.25%",
    "Grade Level":"06 09"
  },
  {
    "Agreement Number":920,
    "Sponsor Name":"Wake County Schools",
    "Site Number":494,
    "Site Name":"Middle Creek Elementary",
    "ADM":859,
    "Reduced Applications":27,
    "Free Applications":144,
    "Needy %":"19.91%",
    "Grade Level":"K - 5"
  },
  {
    "Agreement Number":920,
    "Sponsor Name":"Wake County Schools",
    "Site Number":495,
    "Site Name":"Middle Creek High",
    "ADM":1945,
    "Reduced Applications":87,
    "Free Applications":442,
    "Needy %":"27.20%",
    "Grade Level":"09 12"
  },
  {
    "Agreement Number":920,
    "Sponsor Name":"Wake County Schools",
    "Site Number":496,
    "Site Name":"Millbrook Elementary",
    "ADM":774,
    "Reduced Applications":62,
    "Free Applications":482,
    "Needy %":"70.28%",
    "Grade Level":"K - 5"
  },
  {
    "Agreement Number":920,
    "Sponsor Name":"Wake County Schools",
    "Site Number":500,
    "Site Name":"Millbrook High",
    "ADM":2506,
    "Reduced Applications":126,
    "Free Applications":701,
    "Needy %":"33.00%",
    "Grade Level":"09 12"
  },
  {
    "Agreement Number":920,
    "Sponsor Name":"Wake County Schools",
    "Site Number":501,
    "Site Name":"Mills Park Elementary",
    "ADM":957,
    "Reduced Applications":5,
    "Free Applications":78,
    "Needy %":"8.67%",
    "Grade Level":"K - 5"
  },
  {
    "Agreement Number":920,
    "Sponsor Name":"Wake County Schools",
    "Site Number":502,
    "Site Name":"Mills Park Middle",
    "ADM":1431,
    "Reduced Applications":37,
    "Free Applications":134,
    "Needy %":"11.95%",
    "Grade Level":"06 08"
  },
  {
    "Agreement Number":920,
    "Sponsor Name":"Wake County Schools",
    "Site Number":504,
    "Site Name":"Morrisville Elementary",
    "ADM":818,
    "Reduced Applications":9,
    "Free Applications":39,
    "Needy %":"5.87%",
    "Grade Level":"K - 5"
  },
  {
    "Agreement Number":920,
    "Sponsor Name":"Wake County Schools",
    "Site Number":506,
    "Site Name":"Moore Square Museum Magnet Mid",
    "ADM":516,
    "Reduced Applications":34,
    "Free Applications":284,
    "Needy %":"61.63%",
    "Grade Level":"06 08"
  },
  {
    "Agreement Number":920,
    "Sponsor Name":"Wake County Schools",
    "Site Number":508,
    "Site Name":"Mount Vernon",
    "ADM":124,
    "Reduced Applications":0,
    "Free Applications":0,
    "Needy %":"0.00%",
    "Grade Level":"06 08"
  },
  {
    "Agreement Number":920,
    "Sponsor Name":"Wake County Schools",
    "Site Number":512,
    "Site Name":"North Garner Middle",
    "ADM":1073,
    "Reduced Applications":73,
    "Free Applications":495,
    "Needy %":"52.94%",
    "Grade Level":"06 08"
  },
  {
    "Agreement Number":920,
    "Sponsor Name":"Wake County Schools",
    "Site Number":514,
    "Site Name":"North Forest Pines Elementary",
    "ADM":809,
    "Reduced Applications":14,
    "Free Applications":134,
    "Needy %":"18.29%",
    "Grade Level":"K - 5"
  },
  {
    "Agreement Number":920,
    "Sponsor Name":"Wake County Schools",
    "Site Number":516,
    "Site Name":"North Ridge Elementary",
    "ADM":793,
    "Reduced Applications":41,
    "Free Applications":306,
    "Needy %":"43.76%",
    "Grade Level":"K - 5"
  },
  {
    "Agreement Number":920,
    "Sponsor Name":"Wake County Schools",
    "Site Number":520,
    "Site Name":"Northwoods Elementary",
    "ADM":530,
    "Reduced Applications":37,
    "Free Applications":198,
    "Needy %":"44.34%",
    "Grade Level":"K - 5"
  },
  {
    "Agreement Number":920,
    "Sponsor Name":"Wake County Schools",
    "Site Number":522,
    "Site Name":"Oak Grove Elementary",
    "ADM":793,
    "Reduced Applications":8,
    "Free Applications":62,
    "Needy %":"8.83%",
    "Grade Level":"K - 5"
  },
  {
    "Agreement Number":920,
    "Sponsor Name":"Wake County Schools",
    "Site Number":523,
    "Site Name":"Olive Chapel Elementary",
    "ADM":977,
    "Reduced Applications":15,
    "Free Applications":50,
    "Needy %":"6.65%",
    "Grade Level":"K - 5"
  },
  {
    "Agreement Number":920,
    "Sponsor Name":"Wake County Schools",
    "Site Number":524,
    "Site Name":"Olds Elementary",
    "ADM":356,
    "Reduced Applications":10,
    "Free Applications":95,
    "Needy %":"29.49%",
    "Grade Level":"K - 5"
  },
  {
    "Agreement Number":920,
    "Sponsor Name":"Wake County Schools",
    "Site Number":525,
    "Site Name":"Partnership Elementary",
    "ADM":313,
    "Reduced Applications":0,
    "Free Applications":0,
    "Needy %":"0.00%",
    "Grade Level":"K - 5"
  },
  {
    "Agreement Number":920,
    "Sponsor Name":"Wake County Schools",
    "Site Number":526,
    "Site Name":"Panther Creek High",
    "ADM":2316,
    "Reduced Applications":74,
    "Free Applications":201,
    "Needy %":"11.87%",
    "Grade Level":"09 12"
  },
  {
    "Agreement Number":920,
    "Sponsor Name":"Wake County Schools",
    "Site Number":528,
    "Site Name":"Phillips High",
    "ADM":192,
    "Reduced Applications":0,
    "Free Applications":0,
    "Needy %":"0.00%",
    "Grade Level":"09 12"
  },
  {
    "Agreement Number":920,
    "Sponsor Name":"Wake County Schools",
    "Site Number":530,
    "Site Name":"Penny Road Elementary",
    "ADM":683,
    "Reduced Applications":12,
    "Free Applications":164,
    "Needy %":"25.77%",
    "Grade Level":"K - 5"
  },
  {
    "Agreement Number":920,
    "Sponsor Name":"Wake County Schools",
    "Site Number":531,
    "Site Name":"Pleasant Union Elementary",
    "ADM":599,
    "Reduced Applications":9,
    "Free Applications":52,
    "Needy %":"10.18%",
    "Grade Level":"K - 5"
  },
  {
    "Agreement Number":920,
    "Sponsor Name":"Wake County Schools",
    "Site Number":532,
    "Site Name":"Poe Elementary",
    "ADM":360,
    "Reduced Applications":8,
    "Free Applications":197,
    "Needy %":"56.94%",
    "Grade Level":"Pre-K - 5"
  },
  {
    "Agreement Number":920,
    "Sponsor Name":"Wake County Schools",
    "Site Number":536,
    "Site Name":"Powell Elementary",
    "ADM":453,
    "Reduced Applications":31,
    "Free Applications":284,
    "Needy %":"69.54%",
    "Grade Level":"K - 5"
  },
  {
    "Agreement Number":920,
    "Sponsor Name":"Wake County Schools",
    "Site Number":540,
    "Site Name":"Rand Road Elementary",
    "ADM":539,
    "Reduced Applications":27,
    "Free Applications":165,
    "Needy %":"35.62%",
    "Grade Level":"K - 5"
  },
  {
    "Agreement Number":920,
    "Sponsor Name":"Wake County Schools",
    "Site Number":542,
    "Site Name":"Reedy Creek Elementary",
    "ADM":674,
    "Reduced Applications":49,
    "Free Applications":320,
    "Needy %":"54.75%",
    "Grade Level":"K - 5"
  },
  {
    "Agreement Number":920,
    "Sponsor Name":"Wake County Schools",
    "Site Number":543,
    "Site Name":"Richland Creek ES",
    "ADM":104,
    "Reduced Applications":0,
    "Free Applications":0,
    "Needy %":"0.00%",
    "Grade Level":"K - 5"
  },
  {
    "Agreement Number":920,
    "Sponsor Name":"Wake County Schools",
    "Site Number":544,
    "Site Name":"Rolesville Elementary",
    "ADM":664,
    "Reduced Applications":46,
    "Free Applications":241,
    "Needy %":"43.22%",
    "Grade Level":"Pre-K - 5"
  },
  {
    "Agreement Number":920,
    "Sponsor Name":"Wake County Schools",
    "Site Number":545,
    "Site Name":"Rolesville Middle School",
    "ADM":530,
    "Reduced Applications":25,
    "Free Applications":147,
    "Needy %":"32.45%",
    "Grade Level":"06 08"
  },
  {
    "Agreement Number":920,
    "Sponsor Name":"Wake County Schools",
    "Site Number":548,
    "Site Name":"Root Elementary",
    "ADM":514,
    "Reduced Applications":26,
    "Free Applications":168,
    "Needy %":"37.74%",
    "Grade Level":"K - 5"
  },
  {
    "Agreement Number":920,
    "Sponsor Name":"Wake County Schools",
    "Site Number":550,
    "Site Name":"Salem Elementary",
    "ADM":936,
    "Reduced Applications":17,
    "Free Applications":183,
    "Needy %":"21.37%",
    "Grade Level":"K - 5"
  },
  {
    "Agreement Number":920,
    "Sponsor Name":"Wake County Schools",
    "Site Number":551,
    "Site Name":"Salem Middle",
    "ADM":1219,
    "Reduced Applications":37,
    "Free Applications":146,
    "Needy %":"15.01%",
    "Grade Level":"06 08"
  },
  {
    "Agreement Number":920,
    "Sponsor Name":"Wake County Schools",
    "Site Number":552,
    "Site Name":"Sanderson High",
    "ADM":2031,
    "Reduced Applications":76,
    "Free Applications":600,
    "Needy %":"33.28%",
    "Grade Level":"09 12"
  },
  {
    "Agreement Number":920,
    "Sponsor Name":"Wake County Schools",
    "Site Number":554,
    "Site Name":"Sanford Creek Elementary",
    "ADM":726,
    "Reduced Applications":37,
    "Free Applications":166,
    "Needy %":"27.96%",
    "Grade Level":"K - 5"
  },
  {
    "Agreement Number":920,
    "Sponsor Name":"Wake County Schools",
    "Site Number":560,
    "Site Name":"Smith Elementary",
    "ADM":626,
    "Reduced Applications":48,
    "Free Applications":466,
    "Needy %":"82.11%",
    "Grade Level":"K - 5"
  },
  {
    "Agreement Number":920,
    "Sponsor Name":"Wake County Schools",
    "Site Number":562,
    "Site Name":"Southeast Raleigh High",
    "ADM":1543,
    "Reduced Applications":140,
    "Free Applications":708,
    "Needy %":"54.96%",
    "Grade Level":"09 12"
  },
  {
    "Agreement Number":920,
    "Sponsor Name":"Wake County Schools",
    "Site Number":564,
    "Site Name":"Stough Elementary",
    "ADM":583,
    "Reduced Applications":39,
    "Free Applications":315,
    "Needy %":"60.72%",
    "Grade Level":"K - 5"
  },
  {
    "Agreement Number":920,
    "Sponsor Name":"Wake County Schools",
    "Site Number":568,
    "Site Name":"Swift Creek Elementary",
    "ADM":557,
    "Reduced Applications":25,
    "Free Applications":210,
    "Needy %":"42.19%",
    "Grade Level":"K - 5"
  },
  {
    "Agreement Number":920,
    "Sponsor Name":"Wake County Schools",
    "Site Number":569,
    "Site Name":"Sycamore Creek Elementary",
    "ADM":1073,
    "Reduced Applications":18,
    "Free Applications":32,
    "Needy %":"4.66%",
    "Grade Level":"K - 5"
  },
  {
    "Agreement Number":920,
    "Sponsor Name":"Wake County Schools",
    "Site Number":570,
    "Site Name":"Timber Drive Elementary",
    "ADM":641,
    "Reduced Applications":32,
    "Free Applications":276,
    "Needy %":"48.05%",
    "Grade Level":"K - 5"
  },
  {
    "Agreement Number":920,
    "Sponsor Name":"Wake County Schools",
    "Site Number":571,
    "Site Name":"Turner Creek Elementary",
    "ADM":805,
    "Reduced Applications":20,
    "Free Applications":93,
    "Needy %":"14.04%",
    "Grade Level":"K - 5"
  },
  {
    "Agreement Number":920,
    "Sponsor Name":"Wake County Schools",
    "Site Number":572,
    "Site Name":"Underwood Elementary",
    "ADM":543,
    "Reduced Applications":15,
    "Free Applications":104,
    "Needy %":"21.92%",
    "Grade Level":"K - 5"
  },
  {
    "Agreement Number":920,
    "Sponsor Name":"Wake County Schools",
    "Site Number":576,
    "Site Name":"Vance Elementary",
    "ADM":483,
    "Reduced Applications":25,
    "Free Applications":141,
    "Needy %":"34.37%",
    "Grade Level":"K - 5"
  },
  {
    "Agreement Number":920,
    "Sponsor Name":"Wake County Schools",
    "Site Number":580,
    "Site Name":"Vandora Springs Elementary",
    "ADM":562,
    "Reduced Applications":28,
    "Free Applications":306,
    "Needy %":"59.43%",
    "Grade Level":"K - 5"
  },
  {
    "Agreement Number":920,
    "Sponsor Name":"Wake County Schools",
    "Site Number":582,
    "Site Name":"Wake NCSU STEM Early College",
    "ADM":110,
    "Reduced Applications":0,
    "Free Applications":0,
    "Needy %":"0.00%",
    "Grade Level":"09 09"
  },
  {
    "Agreement Number":920,
    "Sponsor Name":"Wake County Schools",
    "Site Number":583,
    "Site Name":"Wake Early College of Health and Science",
    "ADM":263,
    "Reduced Applications":0,
    "Free Applications":0,
    "Needy %":"0.00%",
    "Grade Level":"09 12"
  },
  {
    "Agreement Number":920,
    "Sponsor Name":"Wake County Schools",
    "Site Number":584,
    "Site Name":"Wake Forest Elementary",
    "ADM":569,
    "Reduced Applications":48,
    "Free Applications":253,
    "Needy %":"52.90%",
    "Grade Level":"K - 5"
  },
  {
    "Agreement Number":920,
    "Sponsor Name":"Wake County Schools",
    "Site Number":585,
    "Site Name":"Wake Young Men's Leadership Academy",
    "ADM":138,
    "Reduced Applications":14,
    "Free Applications":35,
    "Needy %":"35.51%",
    "Grade Level":"06 09"
  },
  {
    "Agreement Number":920,
    "Sponsor Name":"Wake County Schools",
    "Site Number":586,
    "Site Name":"Wake Young Women's Leadership Academy",
    "ADM":148,
    "Reduced Applications":0,
    "Free Applications":0,
    "Needy %":"0.00%",
    "Grade Level":"06 09"
  },
  {
    "Agreement Number":920,
    "Sponsor Name":"Wake County Schools",
    "Site Number":588,
    "Site Name":"Wake Forest-Rolesville High",
    "ADM":1940,
    "Reduced Applications":87,
    "Free Applications":418,
    "Needy %":"26.03%",
    "Grade Level":"09 12"
  },
  {
    "Agreement Number":920,
    "Sponsor Name":"Wake County Schools",
    "Site Number":592,
    "Site Name":"Wake Forest-Rolesville Mid",
    "ADM":1088,
    "Reduced Applications":79,
    "Free Applications":368,
    "Needy %":"41.08%",
    "Grade Level":"06 08"
  },
  {
    "Agreement Number":920,
    "Sponsor Name":"Wake County Schools",
    "Site Number":593,
    "Site Name":"Wakefield Elementary",
    "ADM":685,
    "Reduced Applications":25,
    "Free Applications":195,
    "Needy %":"32.12%",
    "Grade Level":"K - 5"
  },
  {
    "Agreement Number":920,
    "Sponsor Name":"Wake County Schools",
    "Site Number":594,
    "Site Name":"Wakefield Middle",
    "ADM":1257,
    "Reduced Applications":49,
    "Free Applications":294,
    "Needy %":"27.29%",
    "Grade Level":"06 08"
  },
  {
    "Agreement Number":920,
    "Sponsor Name":"Wake County Schools",
    "Site Number":595,
    "Site Name":"Wakefield High",
    "ADM":2487,
    "Reduced Applications":126,
    "Free Applications":689,
    "Needy %":"32.77%",
    "Grade Level":"09 12"
  },
  {
    "Agreement Number":920,
    "Sponsor Name":"Wake County Schools",
    "Site Number":596,
    "Site Name":"Washington Elementary",
    "ADM":608,
    "Reduced Applications":9,
    "Free Applications":188,
    "Needy %":"32.40%",
    "Grade Level":"K - 5"
  },
  {
    "Agreement Number":920,
    "Sponsor Name":"Wake County Schools",
    "Site Number":597,
    "Site Name":"Wakelon Elementary",
    "ADM":536,
    "Reduced Applications":51,
    "Free Applications":410,
    "Needy %":"86.01%",
    "Grade Level":"K - 5"
  },
  {
    "Agreement Number":920,
    "Sponsor Name":"Wake County Schools",
    "Site Number":598,
    "Site Name":"Weatherstone Elementary",
    "ADM":709,
    "Reduced Applications":24,
    "Free Applications":220,
    "Needy %":"34.41%",
    "Grade Level":"K - 5"
  },
  {
    "Agreement Number":920,
    "Sponsor Name":"Wake County Schools",
    "Site Number":599,
    "Site Name":"Walnut Creek Elementary",
    "ADM":823,
    "Reduced Applications":88,
    "Free Applications":626,
    "Needy %":"86.76%",
    "Grade Level":"K - 5"
  },
  {
    "Agreement Number":920,
    "Sponsor Name":"Wake County Schools",
    "Site Number":600,
    "Site Name":"Wendell Elementary",
    "ADM":480,
    "Reduced Applications":43,
    "Free Applications":258,
    "Needy %":"62.71%",
    "Grade Level":"K - 5"
  },
  {
    "Agreement Number":920,
    "Sponsor Name":"Wake County Schools",
    "Site Number":601,
    "Site Name":"Wendell Middle",
    "ADM":962,
    "Reduced Applications":101,
    "Free Applications":501,
    "Needy %":"62.58%",
    "Grade Level":"06 08"
  },
  {
    "Agreement Number":920,
    "Sponsor Name":"Wake County Schools",
    "Site Number":604,
    "Site Name":"West Cary Middle",
    "ADM":936,
    "Reduced Applications":49,
    "Free Applications":197,
    "Needy %":"26.28%",
    "Grade Level":"06 08"
  },
  {
    "Agreement Number":920,
    "Sponsor Name":"Wake County Schools",
    "Site Number":606,
    "Site Name":"West Lake Elementary",
    "ADM":889,
    "Reduced Applications":18,
    "Free Applications":136,
    "Needy %":"17.32%",
    "Grade Level":"K - 5"
  },
  {
    "Agreement Number":920,
    "Sponsor Name":"Wake County Schools",
    "Site Number":607,
    "Site Name":"West Lake Middle",
    "ADM":1326,
    "Reduced Applications":46,
    "Free Applications":199,
    "Needy %":"18.48%",
    "Grade Level":"06 08"
  },
  {
    "Agreement Number":920,
    "Sponsor Name":"Wake County Schools",
    "Site Number":608,
    "Site Name":"West Millbrook Middle",
    "ADM":967,
    "Reduced Applications":66,
    "Free Applications":356,
    "Needy %":"43.64%",
    "Grade Level":"06 08"
  },
  {
    "Agreement Number":920,
    "Sponsor Name":"Wake County Schools",
    "Site Number":616,
    "Site Name":"Wilburn Elementary",
    "ADM":796,
    "Reduced Applications":43,
    "Free Applications":441,
    "Needy %":"60.80%",
    "Grade Level":"K - 5"
  },
  {
    "Agreement Number":920,
    "Sponsor Name":"Wake County Schools",
    "Site Number":618,
    "Site Name":"Wildwood Forest Elementary",
    "ADM":746,
    "Reduced Applications":68,
    "Free Applications":305,
    "Needy %":"50.00%",
    "Grade Level":"K - 5"
  },
  {
    "Agreement Number":920,
    "Sponsor Name":"Wake County Schools",
    "Site Number":620,
    "Site Name":"Wiley Elementary",
    "ADM":469,
    "Reduced Applications":25,
    "Free Applications":182,
    "Needy %":"44.14%",
    "Grade Level":"K - 5"
  },
  {
    "Agreement Number":920,
    "Sponsor Name":"Wake County Schools",
    "Site Number":624,
    "Site Name":"Willow Springs Elementary",
    "ADM":909,
    "Reduced Applications":39,
    "Free Applications":199,
    "Needy %":"26.18%",
    "Grade Level":"K - 5"
  },
  {
    "Agreement Number":920,
    "Sponsor Name":"Wake County Schools",
    "Site Number":626,
    "Site Name":"Yates Mill Elementary",
    "ADM":558,
    "Reduced Applications":20,
    "Free Applications":298,
    "Needy %":"56.99%",
    "Grade Level":"K - 5"
  },
  {
    "Agreement Number":920,
    "Sponsor Name":"Wake County Schools",
    "Site Number":628,
    "Site Name":"York Elementary",
    "ADM":514,
    "Reduced Applications":36,
    "Free Applications":265,
    "Needy %":"58.56%",
    "Grade Level":"K - 5"
  },
  {
    "Agreement Number":920,
    "Sponsor Name":"Wake County Schools",
    "Site Number":632,
    "Site Name":"Zebulon Elementary",
    "ADM":530,
    "Reduced Applications":39,
    "Free Applications":321,
    "Needy %":"67.92%",
    "Grade Level":"K - 5"
  },
  {
    "Agreement Number":920,
    "Sponsor Name":"Wake County Schools",
    "Site Number":636,
    "Site Name":"Zebulon Middle",
    "ADM":609,
    "Reduced Applications":56,
    "Free Applications":326,
    "Needy %":"62.73%",
    "Grade Level":"06 08"
  },
  {
    "Agreement Number":920,
    "Sponsor Name":"Wake County Schools",
    "Site Number":700,
    "Site Name":" EAST WAKE SCHOOL OF  ",
    "ADM":375,
    "Reduced Applications":0,
    "Free Applications":0,
    "Needy %":"0.00%",
    "Grade Level":"09 12"
  },
  {
    "Agreement Number":920,
    "Sponsor Name":"Wake County Schools",
    "Site Number":701,
    "Site Name":" EAST WAKE SCHOOL OF  ",
    "ADM":307,
    "Reduced Applications":0,
    "Free Applications":0,
    "Needy %":"0.00%",
    "Grade Level":"09 12"
  },
  {
    "Agreement Number":920,
    "Sponsor Name":"Wake County Schools",
    "Site Number":702,
    "Site Name":" EAST WAKE SCHOOL OF  ",
    "ADM":382,
    "Reduced Applications":0,
    "Free Applications":0,
    "Needy %":"0.00%",
    "Grade Level":"09 12"
  },
  {
    "Agreement Number":920,
    "Sponsor Name":"Wake County Schools",
    "Site Number":703,
    "Site Name":" EAST WAKE SCHOOL OF  ",
    "ADM":360,
    "Reduced Applications":0,
    "Free Applications":0,
    "Needy %":"0.00%",
    "Grade Level":"09 12"
  }
]