[{
"name":"Apex High",
"level":"S",
"fr":[
[2008,8.0],
[2009,9.1],
[2010,9.4],
[2011,10.4],
[2012,8.9]
],
"population": [
[2008,2201],
[2009,2269],
[2010,2341],
[2011,2367],
[2012,2587]
],
 "minority": [
[2008,21.5],
[2009,21.4],
[2010,25.5],
[2011,26.3],
[2012,25.0]
]
},
{
"name":"Athens Drive High ",
"level":"S",
"fr":[
[2008,26.2],
[2009,30.0],
[2010,29.8],
[2011,30.8],
[2012,32.1]
],
"population": [
[2008,1824],
[2009,1830],
[2010,1927],
[2011,1975],
[2012,1989]
],
 "minority": [
[2008,46.1],
[2009,45.2],
[2010,47.0],
[2011,47.3],
[2012,48.5]
]
},
{
"name":"Broughton High",
"level":"S",
"fr":[
[2008,21.7],
[2009,27.2],
[2010,30.1],
[2011,31.3],
[2012,34.2]
],
"population": [
[2008,2249],
[2009,2269],
[2010,2174],
[2011,2161],
[2012,2167]
],
 "minority": [
[2008,43.4],
[2009,45.4],
[2010,48.4],
[2011,47.6],
[2012,50.9]
]
},
{
"name":"Cary High",
"level":"S",
"fr":[
[2008,23.4],
[2009,25.6],
[2010,28.9],
[2011,30.3],
[2012,33.1]
],
"population": [
[2008,1751],
[2009,2030],
[2010,2250],
[2011,2282],
[2012,2383]
],
 "minority": [
[2008,40.6],
[2009,41.8],
[2010,45.3],
[2011,46.8],
[2012,48.3]
]
},
{
"name":"East Wake High School of Health Science",
"level":"S",
"fr":[
[2008,35.5],
[2009,41.3],
[2010,44.7],
[2011,46.5],
[2012,46.6]
],
"population": [
[2008,408],
[2009,374],
[2010,369],
[2011,376],
[2012,382]
],
 "minority": [
[2008,52.0],
[2009,56.4],
[2010,57.7],
[2011,60.9],
[2012,56.5]
]
},
{
"name":"East Wake School of Arts, Education and Global Studies",
"level":"S",
"fr":[
[2008,44.0],
[2009,48.7],
[2010,51.9],
[2011,53.4],
[2012,55.0]
],
"population": [
[2008,423],
[2009,404],
[2010,401],
[2011,380],
[2012,387]
],
 "minority": [
[2008,62.2],
[2009,61.1],
[2010,63.6],
[2011,61.1],
[2012,63.0]
]
},
{
"name":"East Wake School of Engineering Systems",
"level":"S",
"fr":[
[2008,36.7],
[2009,43.8],
[2010,40.9],
[2011,41.9],
[2012,45.0]
],
"population": [
[2008,373],
[2009,389],
[2010,374],
[2011,375],
[2012,373]
],
 "minority": [
[2008,55.2],
[2009,53.7],
[2010,49.7],
[2011,52.3],
[2012,52.5]
]
},
{
"name":"East Wake School of Integrated Technology",
"level":"S",
"fr":[
[2008,44.2],
[2009,49.9],
[2010,59.5],
[2011,58.9],
[2012,56.7]
],
"population": [
[2008,369],
[2009,358],
[2010,326],
[2011,321],
[2012,326]
],
 "minority": [
[2008,72.1],
[2009,72.9],
[2010,75.5],
[2011,73.8],
[2012,75.2]
]
},
{
"name":"Enloe High",
"level":"S",
"fr":[
[2008,21.2],
[2009,28.2],
[2010,32.8],
[2011,33.7],
[2012,34.6]
],
"population": [
[2008,2643],
[2009,2657],
[2010,2669],
[2011,2630],
[2012,2673]
],
 "minority": [
[2008,56.3],
[2009,60.1],
[2010,65.6],
[2011,69.0],
[2012,70.4]
]
},
{
"name":"Fuquay-Varina High ",
"level":"S",
"fr":[
[2008,20.3],
[2009,25.6],
[2010,24.6],
[2011,27.4],
[2012,29.4]
],
"population": [
[2008,1843],
[2009,1921],
[2010,1968],
[2011,2026],
[2012,1917]
],
 "minority": [
[2008,31.9],
[2009,34.5],
[2010,37.2],
[2011,39.3],
[2012,38.2]
]
},
{
"name":"Garner High ",
"level":"S",
"fr":[
[2008,35.5],
[2009,38.6],
[2010,37.7],
[2011,40.7],
[2012,43.5]
],
"population": [
[2008,2317],
[2009,2311],
[2010,2297],
[2011,2312],
[2012,2400]
],
 "minority": [
[2008,63.8],
[2009,63.3],
[2010,62.3],
[2011,60.7],
[2012,61.5]
]
},
{
"name":"Green Hope High",
"level":"S",
"fr":[
[2008,5.3],
[2009,6.0],
[2010,6.2],
[2011,4.7],
[2012,5.8]
],
"population": [
[2008,2006],
[2009,1979],
[2010,2029],
[2011,2047],
[2012,2219]
],
 "minority": [
[2008,28.4],
[2009,29.7],
[2010,32.1],
[2011,31.8],
[2012,33.6]
]
},
{
"name":"Holly Springs High",
"level":"S",
"fr":[
[2008,16.9],
[2009,19.3],
[2010,20.0],
[2011,19.1],
[2012,19.5]
],
"population": [
[2008,1671],
[2009,1808],
[2010,2000],
[2011,2106],
[2012,2232]
],
 "minority": [
[2008,36.1],
[2009,34.6],
[2010,36.4],
[2011,35.1],
[2012,34.6]
]
},
{
"name":"Knightdale High",
"level":"S",
"fr":[
[2008,33.5],
[2009,40.0],
[2010,40.4],
[2011,47.1],
[2012,53.6]
],
"population": [
[2008,1807],
[2009,1939],
[2010,1763],
[2011,1717],
[2012,1712]
],
 "minority": [
[2008,67.5],
[2009,69.5],
[2010,71.5],
[2011,72.4],
[2012,75.2]
]
},
{
"name":"Leesville Road High",
"level":"S",
"fr":[
[2008,15.1],
[2009,18.4],
[2010,18.1],
[2011,17.3],
[2012,18.0]
],
"population": [
[2008,2502],
[2009,2501],
[2010,2408],
[2011,2181],
[2012,2317]
],
 "minority": [
[2008,35.3],
[2009,36.3],
[2010,40.3],
[2011,37.2],
[2012,38.3]
]
},
{
"name":"Middle Creek High",
"level":"S",
"fr":[
[2008,22.4],
[2009,26.5],
[2010,30.3],
[2011,28.9],
[2012,26.2]
],
"population": [
[2008,1697],
[2009,1754],
[2010,1814],
[2011,1859],
[2012,1984]
],
 "minority": [
[2008,39.4],
[2009,42.9],
[2010,47.5],
[2011,46.1],
[2012,41.3]
]
},
{
"name":"Millbrook High ",
"level":"S",
"fr":[
[2008,30.1],
[2009,34.3],
[2010,31.6],
[2011,31.9],
[2012,31.5]
],
"population": [
[2008,2417],
[2009,2432],
[2010,2443],
[2011,2615],
[2012,2580]
],
 "minority": [
[2008,59.0],
[2009,57.3],
[2010,56.3],
[2011,54.3],
[2012,53.5]
]
},
{
"name":"Panther Creek High ",
"level":"S",
"fr":[
[2008,7.4],
[2009,11.6],
[2010,10.8],
[2011,10.2],
[2012,11.3]
],
"population": [
[2008,2194],
[2009,2239],
[2010,2348],
[2011,2455],
[2012,2341]
],
 "minority": [
[2008,38.6],
[2009,40.4],
[2010,44.0],
[2011,43.3],
[2012,45.0]
]
},
{
"name":"Sanderson High",
"level":"S",
"fr":[
[2008,26.2],
[2009,30.7],
[2010,27.2],
[2011,31.6],
[2012,31.7]
],
"population": [
[2008,1946],
[2009,1988],
[2010,1905],
[2011,2016],
[2012,2089]
],
 "minority": [
[2008,46.1],
[2009,47.3],
[2010,44.8],
[2011,46.6],
[2012,47.3]
]
},
{
"name":"Southeast Raleigh High",
"level":"S",
"fr":[
[2008,29.0],
[2009,38.6],
[2010,40.2],
[2011,49.6],
[2012,52.4]
],
"population": [
[2008,1637],
[2009,1565],
[2010,1663],
[2011,1720],
[2012,1575]
],
 "minority": [
[2008,78.0],
[2009,82.4],
[2010,86.2],
[2011,89.5],
[2012,90.7]
]
},
{
"name":"Wake Early College of Health and Sciences High",
"level":"S",
"fr":[
[2008,19.1],
[2009,28.8],
[2010,29.5],
[2011,29.1],
[2012,33.0]
],
"population": [
[2008,204],
[2009,215],
[2010,237],
[2011,254],
[2012,267]
],
 "minority": [
[2008,57.4],
[2009,56.7],
[2010,62.4],
[2011,65.7],
[2012,69.7]
]
},
{
"name":"Wake Forest-Rolesville High",
"level":"S",
"fr":[
[2008,15.8],
[2009,21.0],
[2010,25.0],
[2011,25.6],
[2012,25.6]
],
"population": [
[2008,1872],
[2009,1949],
[2010,2077],
[2011,2119],
[2012,1977]
],
 "minority": [
[2008,31.6],
[2009,32.3],
[2010,39.2],
[2011,40.9],
[2012,39.5]
]
},
{
"name":"Wakefield High",
"level":"S",
"fr":[
[2008,19.6],
[2009,22.1],
[2010,27.1],
[2011,30.1],
[2012,31.8]
],
"population": [
[2008,2721],
[2009,2813],
[2010,2573],
[2011,2460],
[2012,2529]
],
 "minority": [
[2008,43.6],
[2009,44.2],
[2010,50.6],
[2011,53.2],
[2012,53.8]
]
}
]