[{
"name":"Longview School",
"level":"S/O",
"fr":[
[2008,71.0],
[2009,79.2],
[2010,83.3],
[2011,78.7],
[2012,81.3]
],
"population": [
[2008,107],
[2009,102],
[2010,114],
[2011,108],
[2012,80]
],
 "minority": [
[2008,87.9],
[2009,92.2],
[2010,91.2],
[2011,90.7],
[2012,85.0]
]
},
{
"name":"Mary E. Phillips High School",
"level":"S/O",
"fr":[
[2008,58.6],
[2009,61.9],
[2010,72.3],
[2011,73.1],
[2012,72.9]
],
"population": [
[2008,145],
[2009,166],
[2010,166],
[2011,171],
[2012,207]
],
 "minority": [
[2008,95.2],
[2009,96.4],
[2010,95.2],
[2011,95.3],
[2012,95.7]
]
},
{
"name":"Mount Vernon School",
"level":"S/O ",
"fr":[
[2008,67.8],
[2009,42.0],
[2010,72.6],
[2011,75.5],
[2012,74.1]
],
"population": [
[2008,87],
[2009,79],
[2010,95],
[2011,94],
[2012,81]
],
 "minority": [
[2008,74.7],
[2009,75.9],
[2010,76.8],
[2011,67.0],
[2012,77.8]
]
},
{
"name":"River Oaks Middle School",
"level":"S/O",
"fr":[
[2008,81.8],
[2009,54.8],
[2010,75.0],
[2011,78.0],
[2012,82.5]
],
"population": [
[2008,11],
[2009,28],
[2010,36],
[2011,41],
[2012,40]
],
 "minority": [
[2008,81.8],
[2009,67.9],
[2010,75.0],
[2011,85.4],
[2012,77.5]
]
}
]