[{
"name":"Adams Elementary",
"level":"E",
"fr":[
[2008,22.4],
[2009,21.5],
[2010,33.5],
[2011,37.9],
[2012,37.4]
],
"population": [
[2008,670],
[2009,730],
[2010,806],
[2011,820],
[2012,807]
],
 "minority": [
[2008,39.6],
[2009,40.1],
[2010,43.9],
[2011,45.1],
[2012,46.1]
]
},
{
"name":"Apex Elementary",
"level":"E",
"fr":[
[2008,31.3],
[2009,31.7],
[2010,34.0],
[2011,32.6],
[2012,35.5]
],
"population": [
[2008,705],
[2009,651],
[2010,670],
[2011,684],
[2012,682]
],
 "minority": [
[2008,38.3],
[2009,38.7],
[2010,41.6],
[2011,42.8],
[2012,45.2]
]
},
{
"name":"Aversboro Elementary",
"level":"E",
"fr":[
[2008,52.1],
[2009,54.9],
[2010,59.3],
[2011,55.3],
[2012,57.0]
],
"population": [
[2008,584],
[2009,555],
[2010,560],
[2011,434],
[2012,530]
],
 "minority": [
[2008,65.1],
[2009,63.8],
[2010,66.6],
[2011,59.7],
[2012,62.3]
]
},
{
"name":"Baileywick Elementary",
"level":"E",
"fr":[
[2008,35.1],
[2009,38.9],
[2010,43.0],
[2011,44.6],
[2012,51.5]
],
"population": [
[2008,518],
[2009,467],
[2010,456],
[2011,442],
[2012,454]
],
 "minority": [
[2008,46.9],
[2009,48.6],
[2010,51.1],
[2011,56.1],
[2012,58.1]
]
},
{
"name":"Ballentine Elementary",
"level":"E",
"fr":[
[2008,21.8],
[2009,32.3],
[2010,31.4],
[2011,32.2],
[2012,29.9]
],
"population": [
[2008,789],
[2009,668],
[2010,653],
[2011,646],
[2012,569]
],
 "minority": [
[2008,31.4],
[2009,38.5],
[2010,38.7],
[2011,38.4],
[2012,33.6]
]
},
{
"name":"Barwell Elementary",
"level":"E",
"fr":[
[2008,58.8],
[2009,62.2],
[2010,66.8],
[2011,69.7],
[2012,69.8]
],
"population": [
[2008,840],
[2009,759],
[2010,762],
[2011,737],
[2012,633]
],
 "minority": [
[2008,93.8],
[2009,94.2],
[2010,93.6],
[2011,92.3],
[2012,92.7]
]
},
{
"name":"Baucom Elementary",
"level":"E",
"fr":[
[2008,11.9],
[2009,23.6],
[2010,22.3],
[2011,22.3],
[2012,17.9]
],
"population": [
[2008,690],
[2009,699],
[2010,833],
[2011,943],
[2012,865]
],
 "minority": [
[2008,31.7],
[2009,38.1],
[2010,37.8],
[2011,34.9],
[2012,31.3]
]
},
{
"name":"Brassfield Elementary",
"level":"E",
"fr":[
[2008,12.1],
[2009,13.3],
[2010,13.5],
[2011,15.7],
[2012,13.5]
],
"population": [
[2008,769],
[2009,770],
[2010,750],
[2011,747],
[2012,750]
],
 "minority": [
[2008,25.1],
[2009,24.7],
[2010,25.7],
[2011,30.1],
[2012,27.5]
]
},
{
"name":"Brentwood Elementary",
"level":"E",
"fr":[
[2008,69.8],
[2009,77.9],
[2010,78.0],
[2011,76.4],
[2012,78.5]
],
"population": [
[2008,394],
[2009,404],
[2010,404],
[2011,484],
[2012,441]
],
 "minority": [
[2008,91.4],
[2009,89.6],
[2010,90.8],
[2011,89.3],
[2012,90.9]
]
},
{
"name":"Briarcliff Elementary",
"level":"E",
"fr":[
[2008,35.2],
[2009,35.9],
[2010,40.4],
[2011,39.8],
[2012,42.8]
],
"population": [
[2008,560],
[2009,538],
[2010,562],
[2011,586],
[2012,617]
],
 "minority": [
[2008,45.2],
[2009,44.4],
[2010,47.7],
[2011,48.0],
[2012,53.3]
]
},
{
"name":"Brier Creek Elementary ",
"level":"E",
"fr":[
[2008,18.6],
[2009,25.1],
[2010,21.7],
[2011,18.2],
[2012,19.6]
],
"population": [
[2008,657],
[2009,726],
[2010,783],
[2011,876],
[2012,775]
],
 "minority": [
[2008,48.9],
[2009,51.8],
[2010,48.8],
[2011,50.1],
[2012,50.5]
]
},
{
"name":"Brooks Elementary",
"level":"E",
"fr":[
[2008,27.2],
[2009,31.6],
[2010,30.7],
[2011,27.5],
[2012,24.2]
],
"population": [
[2008,507],
[2009,553],
[2010,576],
[2011,601],
[2012,582]
],
 "minority": [
[2008,42.8],
[2009,40.3],
[2010,37.0],
[2011,31.1],
[2012,26.8]
]
},
{
"name":"Bugg Elementary",
"level":"E",
"fr":[
[2008,49.2],
[2009,54.7],
[2010,55.0],
[2011,60.3],
[2012,63.0]
],
"population": [
[2008,425],
[2009,400],
[2010,487],
[2011,574],
[2012,611]
],
 "minority": [
[2008,88.7],
[2009,89.8],
[2010,90.6],
[2011,91.8],
[2012,92.5]
]
},
{
"name":"Carpenter Elementary",
"level":"E",
"fr":[
[2008,15.3],
[2009,21.2],
[2010,21.6],
[2011,22.2],
[2012,21.1]
],
"population": [
[2008,674],
[2009,805],
[2010,728],
[2011,675],
[2012,720]
],
 "minority": [
[2008,49.7],
[2009,51.2],
[2010,52.1],
[2011,48.0],
[2012,48.6]
]
},
{
"name":"Carver Elementary",
"level":"E",
"fr":[
[2008,57.7],
[2009,54.7],
[2010,58.5],
[2011,57.4],
[2012,54.2]
],
"population": [
[2008,553],
[2009,419],
[2010,429],
[2011,418],
[2012,448]
],
 "minority": [
[2008,64.2],
[2009,56.6],
[2010,57.8],
[2011,56.9],
[2012,56.5]
]
},
{
"name":"Cary Elementary",
"level":"E",
"fr":[
[2008,30.0],
[2009,35.1],
[2010,36.6],
[2011,38.9],
[2012,41.7]
],
"population": [
[2008,510],
[2009,506],
[2010,489],
[2011,512],
[2012,551]
],
 "minority": [
[2008,41.8],
[2009,42.3],
[2010,44.8],
[2011,43.9],
[2012,50.3]
]
},
{
"name":"Cedar Fork Elementary",
"level":"E",
"fr":[
[2008,11.0],
[2009,11.9],
[2010,10.2],
[2011,9.3],
[2012,9.5]
],
"population": [
[2008,820],
[2009,845],
[2010,871],
[2011,845],
[2012,767]
],
 "minority": [
[2008,63.9],
[2009,66.5],
[2010,70.1],
[2011,69.2],
[2012,68.7]
]
},
{
"name":"Combs Elementary",
"level":"E",
"fr":[
[2008,31.8],
[2009,30.7],
[2010,29.8],
[2011,30.9],
[2012,31.1]
],
"population": [
[2008,820],
[2009,809],
[2010,805],
[2011,879],
[2012,872]
],
 "minority": [
[2008,52.1],
[2009,46.7],
[2010,45.8],
[2011,48.6],
[2012,50.2]
]
},
{
"name":"Conn Elementary",
"level":"E",
"fr":[
[2008,42.8],
[2009,41.7],
[2010,41.8],
[2011,42.9],
[2012,47.4]
],
"population": [
[2008,598],
[2009,588],
[2010,579],
[2011,622],
[2012,671]
],
 "minority": [
[2008,64.4],
[2009,64.3],
[2010,65.3],
[2011,64.3],
[2012,67.4]
]
},
{
"name":"Creech Road Elementary",
"level":"E",
"fr":[
[2008,64.3],
[2009,66.6],
[2010,74.6],
[2011,80.2],
[2012,82.6]
],
"population": [
[2008,585],
[2009,541],
[2010,489],
[2011,541],
[2012,614]
],
 "minority": [
[2008,81.0],
[2009,80.2],
[2010,82.8],
[2011,85.6],
[2012,90.1]
]
},
{
"name":"Davis Drive Elementary",
"level":"E",
"fr":[
[2008,14.6],
[2009,15.8],
[2010,18.9],
[2011,6.6],
[2012,4.7]
],
"population": [
[2008,975],
[2009,945],
[2010,951],
[2011,847],
[2012,978]
],
 "minority": [
[2008,48.7],
[2009,51.5],
[2010,53.1],
[2011,45.9],
[2012,44.5]
]
},
{
"name":"Dillard Drive Elementary",
"level":"E",
"fr":[
[2008,39.4],
[2009,43.4],
[2010,50.1],
[2011,53.3],
[2012,60.2]
],
"population": [
[2008,649],
[2009,698],
[2010,788],
[2011,724],
[2012,689]
],
 "minority": [
[2008,54.2],
[2009,54.3],
[2010,59.9],
[2011,62.7],
[2012,68.7]
]
},
{
"name":"Douglas Elementary",
"level":"E",
"fr":[
[2008,35.6],
[2009,38.3],
[2010,37.7],
[2011,36.8],
[2012,36.8]
],
"population": [
[2008,578],
[2009,612],
[2010,684],
[2011,699],
[2012,684]
],
 "minority": [
[2008,46.9],
[2009,46.6],
[2010,48.1],
[2011,47.6],
[2012,49.0]
]
},
{
"name":"Durant Road Elementary",
"level":"E",
"fr":[
[2008,33.7],
[2009,29.5],
[2010,38.6],
[2011,37.0],
[2012,33.9]
],
"population": [
[2008,963],
[2009,979],
[2010,974],
[2011,1030],
[2012,954]
],
 "minority": [
[2008,52.3],
[2009,52.8],
[2010,49.2],
[2011,46.1],
[2012,44.0]
]
},
{
"name":"East Garner Elementary",
"level":"E",
"fr":[
[2008,58.9],
[2009,61.3],
[2010,64.8],
[2011,64.3],
[2012,65.9]
],
"population": [
[2008,635],
[2009,703],
[2010,667],
[2011,577],
[2012,587]
],
 "minority": [
[2008,90.9],
[2009,88.9],
[2010,89.2],
[2011,85.6],
[2012,86.7]
]
},
{
"name":"Farmington Woods Elementary",
"level":"E",
"fr":[
[2008,34.0],
[2009,33.3],
[2010,31.8],
[2011,29.6],
[2012,27.1]
],
"population": [
[2008,854],
[2009,815],
[2010,853],
[2011,781],
[2012,797]
],
 "minority": [
[2008,49.5],
[2009,49.7],
[2010,52.9],
[2011,52.0],
[2012,47.4]
]
},
{
"name":"Forest Pines Drive Elementary",
"level":"E",
"fr":[
[2008,23.5],
[2009,31.2],
[2010,34.2],
[2011,29.2],
[2012,29.7]
],
"population": [
[2008,711],
[2009,767],
[2010,755],
[2011,644],
[2012,669]
],
 "minority": [
[2008,35.2],
[2009,42.4],
[2010,47.4],
[2011,44.1],
[2012,42.9]
]
},
{
"name":"Forestville Road Elementary",
"level":"E",
"fr":[
[2008,43.0],
[2009,55.1],
[2010,54.3],
[2011,57.7],
[2012,59.7]
],
"population": [
[2008,604],
[2009,682],
[2010,665],
[2011,641],
[2012,672]
],
 "minority": [
[2008,64.9],
[2009,72.3],
[2010,72.6],
[2011,73.8],
[2012,78.1]
]
},
{
"name":"Fox Road Elementary",
"level":"E",
"fr":[
[2008,60.5],
[2009,64.5],
[2010,73.2],
[2011,75.0],
[2012,80.4]
],
"population": [
[2008,876],
[2009,846],
[2010,841],
[2011,788],
[2012,832]
],
 "minority": [
[2008,83.8],
[2009,83.8],
[2010,88.7],
[2011,89.7],
[2012,91.2]
]
},
{
"name":"Fuller Elementary",
"level":"E",
"fr":[
[2008,33.9],
[2009,31.4],
[2010,34.6],
[2011,33.3],
[2012,40.8]
],
"population": [
[2008,548],
[2009,533],
[2010,529],
[2011,544],
[2012,598]
],
 "minority": [
[2008,82.1],
[2009,82.9],
[2010,86.0],
[2011,87.1],
[2012,88.1]
]
},
{
"name":"Fuquay-Varina Elementary",
"level":"E",
"fr":[
[2008,32.1],
[2009,34.5],
[2010,36.9],
[2011,40.2],
[2012,42.6]
],
"population": [
[2008,946],
[2009,747],
[2010,734],
[2011,728],
[2012,695]
],
 "minority": [
[2008,38.4],
[2009,40.8],
[2010,42.8],
[2011,42.2],
[2012,44.0]
]
},
{
"name":"Green Elementary",
"level":"E",
"fr":[
[2008,38.4],
[2009,49.8],
[2010,49.6],
[2011,58.9],
[2012,62.6]
],
"population": [
[2008,476],
[2009,522],
[2010,504],
[2011,579],
[2012,484]
],
 "minority": [
[2008,54.4],
[2009,59.0],
[2010,59.7],
[2011,69.1],
[2012,68.2]
]
},
{
"name":"Green Hope Elementary",
"level":"E",
"fr":[
[2008,9.9],
[2009,12.4],
[2010,22.2],
[2011,15.4],
[2012,11.7]
],
"population": [
[2008,807],
[2009,863],
[2010,839],
[2011,879],
[2012,877]
],
 "minority": [
[2008,44.7],
[2009,46.2],
[2010,58.0],
[2011,56.4],
[2012,56.7]
]
},
{
"name":"Harris Creek Elementary",
"level":"E",
"fr":[
[2008,30.8],
[2009,32.6],
[2010,33.3],
[2011,33.9],
[2012,32.4]
],
"population": [
[2008,854],
[2009,848],
[2010,842],
[2011,846],
[2012,899]
],
 "minority": [
[2008,58.5],
[2009,56.6],
[2010,59.3],
[2011,58.7],
[2012,55.8]
]
},
{
"name":"Heritage Elementary",
"level":"E",
"fr":[
[2008,17.1],
[2009,18.1],
[2010,17.8],
[2011,17.4],
[2012,14.0]
],
"population": [
[2008,819],
[2009,845],
[2010,881],
[2011,932],
[2012,877]
],
 "minority": [
[2008,27.6],
[2009,28.6],
[2010,26.2],
[2011,24.4],
[2012,21.7]
]
},
{
"name":"Highcroft Drive Elementary",
"level":"E",
"fr":[
[2008,6.9],
[2009,10.2],
[2010,5.0],
[2011,5.8],
[2012,5.2]
],
"population": [
[2008,692],
[2009,748],
[2010,777],
[2011,807],
[2012,833]
],
 "minority": [
[2008,25.0],
[2009,28.3],
[2010,26.3],
[2011,28.0],
[2012,31.8]
]
},
{
"name":"Hodge Road Elementary",
"level":"E",
"fr":[
[2008,59.9],
[2009,65.2],
[2010,71.1],
[2011,79.8],
[2012,82.7]
],
"population": [
[2008,696],
[2009,759],
[2010,729],
[2011,642],
[2012,607]
],
 "minority": [
[2008,84.3],
[2009,87.6],
[2010,88.2],
[2011,89.3],
[2012,92.1]
]
},
{
"name":"Holly Grove Elementary",
"level":"E",
"fr":[
[2008,16.9],
[2009,14.0],
[2010,15.7],
[2011,17.1],
[2012,14.6]
],
"population": [
[2008,986],
[2009,772],
[2010,854],
[2011,909],
[2012,1081]
],
 "minority": [
[2008,31.6],
[2009,25.3],
[2010,27.3],
[2011,25.9],
[2012,22.6]
]
},
{
"name":"Holly Ridge Elementary ",
"level":"E",
"fr":[
[2008,25.9],
[2009,26.8],
[2010,28.7],
[2011,30.5],
[2012,28.0]
],
"population": [
[2008,777],
[2009,704],
[2010,729],
[2011,725],
[2012,832]
],
 "minority": [
[2008,35.8],
[2009,34.8],
[2010,39.5],
[2011,37.2],
[2012,33.9]
]
},
{
"name":"Holly Springs Elementary",
"level":"E",
"fr":[
[2008,13.8],
[2009,17.4],
[2010,15.9],
[2011,15.1],
[2012,13.8]
],
"population": [
[2008,868],
[2009,1070],
[2010,1071],
[2011,1124],
[2012,1014]
],
 "minority": [
[2008,24.9],
[2009,25.5],
[2010,25.7],
[2011,27.1],
[2012,26.4]
]
},
{
"name":"Hunter Elementary",
"level":"E",
"fr":[
[2008,31.0],
[2009,37.0],
[2010,39.6],
[2011,45.8],
[2012,47.2]
],
"population": [
[2008,817],
[2009,828],
[2010,725],
[2011,698],
[2012,705]
],
 "minority": [
[2008,57.4],
[2009,62.8],
[2010,62.9],
[2011,68.9],
[2012,69.8]
]
},
{
"name":"Jeffrey's Grove Elementary",
"level":"E",
"fr":[
[2008,35.5],
[2009,33.3],
[2010,40.3],
[2011,33.6],
[2012,33.2]
],
"population": [
[2008,530],
[2009,462],
[2010,534],
[2011,425],
[2012,482]
],
 "minority": [
[2008,49.1],
[2009,47.6],
[2010,54.3],
[2011,47.8],
[2012,48.8]
]
},
{
"name":"Jones Dairy Elementary",
"level":"E",
"fr":[
[2008,16.3],
[2009,22.4],
[2010,21.2],
[2011,19.6],
[2012,16.4]
],
"population": [
[2008,787],
[2009,801],
[2010,838],
[2011,838],
[2012,815]
],
 "minority": [
[2008,26.2],
[2009,25.7],
[2010,25.9],
[2011,25.9],
[2012,24.4]
]
},
{
"name":"Joyner Elementary",
"level":"E",
"fr":[
[2008,34.1],
[2009,28.4],
[2010,27.3],
[2011,28.8],
[2012,27.4]
],
"population": [
[2008,586],
[2009,590],
[2010,666],
[2011,691],
[2012,705]
],
 "minority": [
[2008,52.2],
[2009,45.4],
[2010,45.0],
[2011,43.7],
[2012,42.4]
]
},
{
"name":"Kingswood Elementary ",
"level":"E",
"fr":[
[2008,40.1],
[2009,44.2],
[2010,51.0],
[2011,49.7],
[2012,60.8]
],
"population": [
[2008,352],
[2009,341],
[2010,345],
[2011,342],
[2012,367]
],
 "minority": [
[2008,63.9],
[2009,68.0],
[2010,67.2],
[2011,69.9],
[2012,73.3]
]
},
{
"name":"Knightdale Elementary",
"level":"E",
"fr":[
[2008,55.7],
[2009,58.9],
[2010,58.9],
[2011,62.5],
[2012,64.9]
],
"population": [
[2008,662],
[2009,528],
[2010,576],
[2011,699],
[2012,675]
],
 "minority": [
[2008,75.4],
[2009,77.5],
[2010,77.6],
[2011,80.8],
[2012,84.9]
]
},
{
"name":"Lacy Elementary",
"level":"E",
"fr":[
[2008,24.0],
[2009,30.5],
[2010,31.4],
[2011,30.4],
[2012,25.8]
],
"population": [
[2008,808],
[2009,831],
[2010,850],
[2011,866],
[2012,807]
],
 "minority": [
[2008,28.5],
[2009,33.2],
[2010,31.8],
[2011,30.7],
[2012,26.5]
]
},
{
"name":"Laurel Park Elementary",
"level":"E",
"fr":[
[2008,18.5],
[2009,17.2],
[2010,16.9],
[2011,16.3],
[2012,13.1]
],
"population": [
[2008,604],
[2009,933],
[2010,935],
[2011,938],
[2012,945]
],
 "minority": [
[2008,42.2],
[2009,40.5],
[2010,39.0],
[2011,35.6],
[2012,32.3]
]
},
{
"name":"Lead Mine Elementary",
"level":"E",
"fr":[
[2008,43.5],
[2009,40.6],
[2010,37.1],
[2011,41.5],
[2012,37.1]
],
"population": [
[2008,480],
[2009,483],
[2010,482],
[2011,521],
[2012,509]
],
 "minority": [
[2008,55.0],
[2009,55.9],
[2010,52.7],
[2011,51.8],
[2012,47.5]
]
},
{
"name":"Leesville Road Elementary",
"level":"E",
"fr":[
[2008,17.6],
[2009,20.7],
[2010,26.8],
[2011,30.2],
[2012,26.5]
],
"population": [
[2008,966],
[2009,1057],
[2010,904],
[2011,873],
[2012,916]
],
 "minority": [
[2008,33.7],
[2009,36.3],
[2010,43.0],
[2011,45.6],
[2012,41.7]
]
},
{
"name":"Lincoln Heights Elementary",
"level":"E",
"fr":[
[2008,32.1],
[2009,36.0],
[2010,45.5],
[2011,55.3],
[2012,65.1]
],
"population": [
[2008,676],
[2009,557],
[2010,512],
[2011,474],
[2012,504]
],
 "minority": [
[2008,44.2],
[2009,50.4],
[2010,54.9],
[2011,65.0],
[2012,70.0]
]
},
{
"name":"Lockhart Elementary",
"level":"E",
"fr":[
[2008,44.7],
[2009,52.5],
[2010,53.4],
[2011,56.6],
[2012,53.9]
],
"population": [
[2008,702],
[2009,728],
[2010,713],
[2011,648],
[2012,679]
],
 "minority": [
[2008,65.1],
[2009,64.1],
[2010,68.2],
[2011,68.1],
[2012,68.5]
]
},
{
"name":"Lynn Road Elementary",
"level":"E",
"fr":[
[2008,46.7],
[2009,50.5],
[2010,53.6],
[2011,61.3],
[2012,61.0]
],
"population": [
[2008,646],
[2009,622],
[2010,601],
[2011,604],
[2012,557]
],
 "minority": [
[2008,66.4],
[2009,64.1],
[2010,68.4],
[2011,72.2],
[2012,74.1]
]
},
{
"name":"Middle Creek Elementary",
"level":"E",
"fr":[
[2008,19.3],
[2009,19.7],
[2010,20.4],
[2011,20.0],
[2012,19.0]
],
"population": [
[2008,1030],
[2009,948],
[2010,951],
[2011,895],
[2012,846]
],
 "minority": [
[2008,31.9],
[2009,29.7],
[2010,30.1],
[2011,29.4],
[2012,25.7]
]
},
{
"name":"Millbrook Elementary",
"level":"E",
"fr":[
[2008,55.6],
[2009,60.7],
[2010,64.4],
[2011,64.6],
[2012,65.8]
],
"population": [
[2008,779],
[2009,771],
[2010,800],
[2011,823],
[2012,768]
],
 "minority": [
[2008,82.3],
[2009,81.6],
[2010,83.6],
[2011,82.7],
[2012,83.2]
]
},
{
"name":"Mills Park Elementary",
"level":"E",
"fr":[
[2008,9.2],
[2009,9.5],
[2010,12.9],
[2011,10.7],
[2012,8.7]
],
"population": [
[2008,654],
[2009,781],
[2010,947],
[2011,993],
[2012,962]
],
 "minority": [
[2008,42.7],
[2009,45.7],
[2010,50.1],
[2011,49.4],
[2012,49.5]
]
},
{
"name":"Morrisville Elementary",
"level":"E",
"fr":[
[2008,13.7],
[2009,17.1],
[2010,9.5],
[2011,8.5],
[2012,6.4]
],
"population": [
[2008,744],
[2009,807],
[2010,761],
[2011,790],
[2012,815]
],
 "minority": [
[2008,43.8],
[2009,45.0],
[2010,37.8],
[2011,39.1],
[2012,41.6]
]
},
{
"name":"North Forest Pines Elementary",
"level":"E",
"fr":[
[2008,20.5],
[2009,27.0],
[2010,27.4],
[2011,27.1],
[2012,21.6]
],
"population": [
[2008,742],
[2009,818],
[2010,860],
[2011,894],
[2012,815]
],
 "minority": [
[2008,31.8],
[2009,34.8],
[2010,35.0],
[2011,34.9],
[2012,31.2]
]
},
{
"name":"North Ridge Elementary",
"level":"E",
"fr":[
[2008,35.3],
[2009,40.9],
[2010,41.6],
[2011,42.0],
[2012,44.2]
],
"population": [
[2008,796],
[2009,779],
[2010,753],
[2011,735],
[2012,813]
],
 "minority": [
[2008,46.1],
[2009,48.8],
[2010,50.2],
[2011,48.4],
[2012,49.4]
]
},
{
"name":"Northwoods Elementary",
"level":"E",
"fr":[
[2008,31.8],
[2009,33.0],
[2010,37.9],
[2011,38.0],
[2012,40.8]
],
"population": [
[2008,570],
[2009,537],
[2010,523],
[2011,545],
[2012,524]
],
 "minority": [
[2008,56.7],
[2009,57.7],
[2010,61.6],
[2011,58.3],
[2012,58.8]
]
},
{
"name":"Oak Grove Elementary",
"level":"E",
"fr":[
[2008,14.3],
[2009,15.4],
[2010,14.5],
[2011,15.3],
[2012,11.8]
],
"population": [
[2008,914],
[2009,845],
[2010,818],
[2011,779],
[2012,782]
],
 "minority": [
[2008,28.4],
[2009,27.0],
[2010,27.3],
[2011,27.2],
[2012,26.1]
]
},
{
"name":"Olds Elementary",
"level":"E",
"fr":[
[2008,27.8],
[2009,25.6],
[2010,24.0],
[2011,23.5],
[2012,26.4]
],
"population": [
[2008,342],
[2009,314],
[2010,288],
[2011,302],
[2012,356]
],
 "minority": [
[2008,38.6],
[2009,37.3],
[2010,35.8],
[2011,37.4],
[2012,36.5]
]
},
{
"name":"Olive Chapel Elementary",
"level":"E",
"fr":[
[2008,9.3],
[2009,14.4],
[2010,12.5],
[2011,9.2],
[2012,7.1]
],
"population": [
[2008,1022],
[2009,1028],
[2010,984],
[2011,933],
[2012,969]
],
 "minority": [
[2008,21.3],
[2009,24.9],
[2010,23.9],
[2011,21.2],
[2012,20.8]
]
},
{
"name":"Partnership Elementary",
"level":"E",
"fr":[
[2008,21.6],
[2009,21.8],
[2010,27.0],
[2011,29.1],
[2012,26.0]
],
"population": [
[2008,333],
[2009,324],
[2010,337],
[2011,340],
[2012,312]
],
 "minority": [
[2008,45.9],
[2009,47.8],
[2010,49.3],
[2011,48.2],
[2012,47.4]
]
},
{
"name":"Penny Road Elementary",
"level":"E",
"fr":[
[2008,30.7],
[2009,25.0],
[2010,28.5],
[2011,26.9],
[2012,24.7]
],
"population": [
[2008,848],
[2009,633],
[2010,625],
[2011,599],
[2012,680]
],
 "minority": [
[2008,42.0],
[2009,36.3],
[2010,38.6],
[2011,37.7],
[2012,32.5]
]
},
{
"name":"Pleasant Union Elementary",
"level":"E",
"fr":[
[2008,8.2],
[2009,10.7],
[2010,11.1],
[2011,11.3],
[2012,9.1]
],
"population": [
[2008,636],
[2009,667],
[2010,660],
[2011,654],
[2012,606]
],
 "minority": [
[2008,17.3],
[2009,20.5],
[2010,22.6],
[2011,21.1],
[2012,19.0]
]
},
{
"name":"Poe Elementary",
"level":"E",
"fr":[
[2008,45.2],
[2009,48.1],
[2010,46.0],
[2011,45.3],
[2012,56.8]
],
"population": [
[2008,361],
[2009,342],
[2010,361],
[2011,362],
[2012,368]
],
 "minority": [
[2008,65.4],
[2009,66.1],
[2010,65.1],
[2011,62.2],
[2012,72.6]
]
},
{
"name":"Powell Elementary",
"level":"E",
"fr":[
[2008,52.3],
[2009,53.9],
[2010,52.6],
[2011,55.5],
[2012,58.3]
],
"population": [
[2008,428],
[2009,422],
[2010,420],
[2011,402],
[2012,446]
],
 "minority": [
[2008,71.5],
[2009,70.1],
[2010,69.8],
[2011,70.9],
[2012,72.0]
]
},
{
"name":"Rand Road Elementary",
"level":"E",
"fr":[
[2008,25.1],
[2009,27.4],
[2010,27.8],
[2011,31.7],
[2012,34.4]
],
"population": [
[2008,692],
[2009,608],
[2010,572],
[2011,561],
[2012,540]
],
 "minority": [
[2008,33.1],
[2009,33.6],
[2010,33.7],
[2011,34.6],
[2012,37.6]
]
},
{
"name":"Reedy Creek Elementary",
"level":"E",
"fr":[
[2008,41.0],
[2009,38.9],
[2010,41.4],
[2011,53.3],
[2012,52.3]
],
"population": [
[2008,781],
[2009,653],
[2010,556],
[2011,713],
[2012,683]
],
 "minority": [
[2008,63.8],
[2009,62.2],
[2010,56.7],
[2011,64.7],
[2012,66.3]
]
},
{
"name":"River Bend Elementary",
"level":"E",
"fr":[
[2008,56.2],
[2009,57.1],
[2010,61.6],
[2011,56.9],
[2012,58.3]
],
"population": [
[2008,527],
[2009,596],
[2010,644],
[2011,654],
[2012,741]
],
 "minority": [
[2008,82.9],
[2009,81.9],
[2010,84.0],
[2011,81.5],
[2012,81.0]
]
},
{
"name":"Rolesville Elementary",
"level":"E",
"fr":[
[2008,35.7],
[2009,35.8],
[2010,38.9],
[2011,42.5],
[2012,42.1]
],
"population": [
[2008,686],
[2009,615],
[2010,643],
[2011,699],
[2012,665]
],
 "minority": [
[2008,54.4],
[2009,49.8],
[2010,55.1],
[2011,55.4],
[2012,54.0]
]
},
{
"name":"Root Elementary",
"level":"E",
"fr":[
[2008,30.3],
[2009,37.4],
[2010,40.0],
[2011,26.7],
[2012,30.0]
],
"population": [
[2008,416],
[2009,476],
[2010,482],
[2011,434],
[2012,513]
],
 "minority": [
[2008,39.2],
[2009,43.9],
[2010,46.3],
[2011,35.7],
[2012,38.8]
]
},
{
"name":"Salem Elementary",
"level":"E",
"fr":[
[2008,11.9],
[2009,15.9],
[2010,19.1],
[2011,19.9],
[2012,21.1]
],
"population": [
[2008,943],
[2009,948],
[2010,933],
[2011,909],
[2012,924]
],
 "minority": [
[2008,30.5],
[2009,34.1],
[2010,37.5],
[2011,35.5],
[2012,36.0]
]
},
{
"name":"Sanford Creek Elementary",
"level":"E",
"fr":[
[2008,23.9],
[2009,25.0],
[2010,20.6],
[2011,26.4],
[2012,25.7]
],
"population": [
[2008,547],
[2009,611],
[2010,640],
[2011,664],
[2012,719]
],
 "minority": [
[2008,38.4],
[2009,40.6],
[2010,36.3],
[2011,38.6],
[2012,35.0]
]
},
{
"name":"Smith Elementary",
"level":"E",
"fr":[
[2008,68.1],
[2009,66.7],
[2010,68.2],
[2011,71.2],
[2012,76.8]
],
"population": [
[2008,496],
[2009,465],
[2010,560],
[2011,605],
[2012,624]
],
 "minority": [
[2008,87.7],
[2009,85.8],
[2010,84.8],
[2011,81.8],
[2012,83.0]
]
},
{
"name":"Stough Elementary",
"level":"E",
"fr":[
[2008,46.4],
[2009,44.9],
[2010,41.8],
[2011,50.0],
[2012,55.2]
],
"population": [
[2008,608],
[2009,529],
[2010,576],
[2011,598],
[2012,574]
],
 "minority": [
[2008,65.1],
[2009,62.4],
[2010,63.9],
[2011,66.6],
[2012,73.3]
]
},
{
"name":"Swift Creek Elementary",
"level":"E",
"fr":[
[2008,31.6],
[2009,27.1],
[2010,31.7],
[2011,33.6],
[2012,41.9]
],
"population": [
[2008,617],
[2009,486],
[2010,514],
[2011,536],
[2012,566]
],
 "minority": [
[2008,44.4],
[2009,38.1],
[2010,43.8],
[2011,41.6],
[2012,47.7]
]
},
{
"name":"Sycamore Creek Elementary",
"level":"E",
"fr":[
[2008,11.3],
[2009,12.7],
[2010,12.9],
[2011,5.1],
[2012,4.5]
],
"population": [
[2008,648],
[2009,712],
[2010,995],
[2011,1045],
[2012,1073]
],
 "minority": [
[2008,24.1],
[2009,28.1],
[2010,26.0],
[2011,19.3],
[2012,18.6]
]
},
{
"name":"Timber Drive Elementary",
"level":"E",
"fr":[
[2008,40.3],
[2009,47.4],
[2010,47.9],
[2011,39.3],
[2012,43.4]
],
"population": [
[2008,906],
[2009,840],
[2010,766],
[2011,633],
[2012,629]
],
 "minority": [
[2008,51.4],
[2009,57.1],
[2010,57.7],
[2011,51.2],
[2012,50.9]
]
},
{
"name":"Turner Creek Elementary",
"level":"E",
"fr":[
[2008,12.0],
[2009,15.3],
[2010,16.6],
[2011,17.8],
[2012,12.9]
],
"population": [
[2008,953],
[2009,924],
[2010,951],
[2011,897],
[2012,807]
],
 "minority": [
[2008,29.2],
[2009,31.1],
[2010,34.8],
[2011,37.9],
[2012,36.3]
]
},
{
"name":"Underwood Elementary",
"level":"E",
"fr":[
[2008,24.2],
[2009,30.2],
[2010,26.4],
[2011,27.7],
[2012,22.0]
],
"population": [
[2008,487],
[2009,524],
[2010,469],
[2011,502],
[2012,545]
],
 "minority": [
[2008,42.5],
[2009,42.0],
[2010,39.9],
[2011,40.0],
[2012,32.5]
]
},
{
"name":"Vance Elementary",
"level":"E",
"fr":[
[2008,24.7],
[2009,31.7],
[2010,32.1],
[2011,32.5],
[2012,37.9]
],
"population": [
[2008,562],
[2009,613],
[2010,602],
[2011,579],
[2012,480]
],
 "minority": [
[2008,31.1],
[2009,36.4],
[2010,39.2],
[2011,37.7],
[2012,45.4]
]
},
{
"name":"Vandora Springs Elementary",
"level":"E",
"fr":[
[2008,46.7],
[2009,44.7],
[2010,46.1],
[2011,48.0],
[2012,55.0]
],
"population": [
[2008,495],
[2009,520],
[2010,553],
[2011,519],
[2012,562]
],
 "minority": [
[2008,62.6],
[2009,64.8],
[2010,63.3],
[2011,59.9],
[2012,63.5]
]
},
{
"name":"Wake Forest Elementary",
"level":"E",
"fr":[
[2008,36.4],
[2009,36.2],
[2010,36.0],
[2011,40.7],
[2012,37.0]
],
"population": [
[2008,783],
[2009,629],
[2010,647],
[2011,626],
[2012,575]
],
 "minority": [
[2008,38.4],
[2009,36.4],
[2010,36.5],
[2011,41.1],
[2012,39.3]
]
},
{
"name":"Wakefield Elementary",
"level":"E",
"fr":[
[2008,23.7],
[2009,30.7],
[2010,32.4],
[2011,32.6],
[2012,31.1]
],
"population": [
[2008,870],
[2009,831],
[2010,762],
[2011,729],
[2012,684]
],
 "minority": [
[2008,46.8],
[2009,50.3],
[2010,50.8],
[2011,49.8],
[2012,49.0]
]
},
{
"name":"Wakelon Elementary ",
"level":"E",
"fr":[
[2008,66.7],
[2009,66.0],
[2010,70.6],
[2011,71.7],
[2012,77.7]
],
"population": [
[2008,666],
[2009,508],
[2010,524],
[2011,561],
[2012,530]
],
 "minority": [
[2008,72.1],
[2009,68.9],
[2010,71.8],
[2011,69.7],
[2012,72.8]
]
},
{
"name":"Washington Elementary",
"level":"E",
"fr":[
[2008,36.9],
[2009,37.5],
[2010,29.5],
[2011,22.1],
[2012,28.6]
],
"population": [
[2008,588],
[2009,591],
[2010,549],
[2011,603],
[2012,601]
],
 "minority": [
[2008,63.9],
[2009,66.7],
[2010,66.7],
[2011,67.7],
[2012,68.6]
]
},
{
"name":"Weatherstone Elementary",
"level":"E",
"fr":[
[2008,30.2],
[2009,33.8],
[2010,32.9],
[2011,31.2],
[2012,29.9]
],
"population": [
[2008,917],
[2009,846],
[2010,641],
[2011,571],
[2012,673]
],
 "minority": [
[2008,48.2],
[2009,49.9],
[2010,51.0],
[2011,51.7],
[2012,57.1]
]
},
{
"name":"Wendell Elementary",
"level":"E",
"fr":[
[2008,49.6],
[2009,52.9],
[2010,53.0],
[2011,55.6],
[2012,59.8]
],
"population": [
[2008,512],
[2009,424],
[2010,436],
[2011,444],
[2012,478]
],
 "minority": [
[2008,59.0],
[2009,57.3],
[2010,60.6],
[2011,62.6],
[2012,63.8]
]
},
{
"name":"West Lake Elementary",
"level":"E",
"fr":[
[2008,23.4],
[2009,22.5],
[2010,23.3],
[2011,22.0],
[2012,19.0]
],
"population": [
[2008,977],
[2009,773],
[2010,827],
[2011,819],
[2012,889]
],
 "minority": [
[2008,32.8],
[2009,34.3],
[2010,34.2],
[2011,33.5],
[2012,29.9]
]
},
{
"name":"Wilburn Elementary",
"level":"E",
"fr":[
[2008,57.8],
[2009,59.3],
[2010,60.9],
[2011,62.0],
[2012,63.3]
],
"population": [
[2008,611],
[2009,691],
[2010,629],
[2011,608],
[2012,741]
],
 "minority": [
[2008,81.2],
[2009,80.9],
[2010,81.6],
[2011,82.1],
[2012,83.3]
]
},
{
"name":"Wildwood Forest Elementary",
"level":"E",
"fr":[
[2008,36.0],
[2009,37.3],
[2010,38.7],
[2011,49.7],
[2012,45.3]
],
"population": [
[2008,935],
[2009,740],
[2010,736],
[2011,863],
[2012,741]
],
 "minority": [
[2008,65.9],
[2009,64.2],
[2010,66.2],
[2011,72.4],
[2012,71.1]
]
},
{
"name":"Wiley Elementary",
"level":"E",
"fr":[
[2008,23.6],
[2009,28.2],
[2010,27.3],
[2011,24.9],
[2012,24.5]
],
"population": [
[2008,440],
[2009,454],
[2010,465],
[2011,462],
[2012,470]
],
 "minority": [
[2008,46.8],
[2009,45.6],
[2010,47.5],
[2011,45.7],
[2012,44.3]
]
},
{
"name":"Willow Springs Elementary",
"level":"E",
"fr":[
[2008,26.5],
[2009,31.5],
[2010,32.2],
[2011,32.7],
[2012,29.9]
],
"population": [
[2008,997],
[2009,884],
[2010,911],
[2011,958],
[2012,916]
],
 "minority": [
[2008,29.2],
[2009,26.2],
[2010,31.0],
[2011,30.6],
[2012,27.2]
]
},
{
"name":"Yates Mill Elementary",
"level":"E",
"fr":[
[2008,34.5],
[2009,37.4],
[2010,39.8],
[2011,39.7],
[2012,52.6]
],
"population": [
[2008,516],
[2009,532],
[2010,555],
[2011,546],
[2012,544]
],
 "minority": [
[2008,40.7],
[2009,40.4],
[2010,43.4],
[2011,39.7],
[2012,52.9]
]
},
{
"name":"York Elementary",
"level":"E",
"fr":[
[2008,47.3],
[2009,44.9],
[2010,50.9],
[2011,47.5],
[2012,51.8]
],
"population": [
[2008,419],
[2009,380],
[2010,432],
[2011,501],
[2012,502]
],
 "minority": [
[2008,58.2],
[2009,55.3],
[2010,57.2],
[2011,56.9],
[2012,60.2]
]
},
{
"name":"Zebulon Elementary",
"level":"E",
"fr":[
[2008,57.2],
[2009,59.6],
[2010,58.8],
[2011,64.3],
[2012,62.1]
],
"population": [
[2008,526],
[2009,489],
[2010,488],
[2011,504],
[2012,531]
],
 "minority": [
[2008,55.1],
[2009,60.3],
[2010,58.8],
[2011,60.1],
[2012,62.9]
]
},
{
"name":"Apex Middle ",
"level":"M",
"fr":[
[2008,17.6],
[2009,18.9],
[2010,22.9],
[2011,22.0],
[2012,18.7]
],
"population": [
[2008,1017],
[2009,1005],
[2010,1054],
[2011,1092],
[2012,1094]
],
 "minority": [
[2008,29.9],
[2009,30.0],
[2010,34.0],
[2011,31.1],
[2012,28.3]
]
},
{
"name":"Carnage Middle",
"level":"M",
"fr":[
[2008,45.0],
[2009,37.9],
[2010,40.2],
[2011,32.4],
[2012,36.2]
],
"population": [
[2008,1094],
[2009,1031],
[2010,1131],
[2011,1185],
[2012,1281]
],
 "minority": [
[2008,79.8],
[2009,78.0],
[2010,79.2],
[2011,75.9],
[2012,79.1]
]
},
{
"name":"Carroll Middle",
"level":"M",
"fr":[
[2008,43.8],
[2009,49.4],
[2010,52.9],
[2011,57.6],
[2012,60.9]
],
"population": [
[2008,784],
[2009,716],
[2010,692],
[2011,695],
[2012,808]
],
 "minority": [
[2008,62.8],
[2009,59.9],
[2010,63.2],
[2011,66.8],
[2012,69.8]
]
},
{
"name":"Centennial Campus Middle",
"level":"M",
"fr":[
[2008,30.0],
[2009,37.6],
[2010,36.3],
[2011,43.2],
[2012,41.1]
],
"population": [
[2008,593],
[2009,662],
[2010,601],
[2011,628],
[2012,562]
],
 "minority": [
[2008,48.9],
[2009,57.4],
[2010,62.1],
[2011,65.3],
[2012,66.9]
]
},
{
"name":"Daniels Middle",
"level":"M",
"fr":[
[2008,27.4],
[2009,30.2],
[2010,33.1],
[2011,40.2],
[2012,42.9]
],
"population": [
[2008,1248],
[2009,1222],
[2010,1087],
[2011,1153],
[2012,1197]
],
 "minority": [
[2008,42.4],
[2009,42.8],
[2010,45.0],
[2011,50.8],
[2012,52.6]
]
},
{
"name":"Davis Drive Middle",
"level":"M",
"fr":[
[2008,10.0],
[2009,14.2],
[2010,17.5],
[2011,10.1],
[2012,6.3]
],
"population": [
[2008,1205],
[2009,1184],
[2010,1186],
[2011,1189],
[2012,1132]
],
 "minority": [
[2008,39.5],
[2009,39.9],
[2010,40.7],
[2011,37.9],
[2012,39.5]
]
},
{
"name":"Dillard Drive Middle",
"level":"M",
"fr":[
[2008,40.1],
[2009,41.2],
[2010,37.4],
[2011,38.4],
[2012,45.1]
],
"population": [
[2008,1169],
[2009,1171],
[2010,1170],
[2011,1230],
[2012,1078]
],
 "minority": [
[2008,52.8],
[2009,48.5],
[2010,47.5],
[2011,47.2],
[2012,53.6]
]
},
{
"name":"Durant Road Middle",
"level":"M",
"fr":[
[2008,23.6],
[2009,28.0],
[2010,31.9],
[2011,32.9],
[2012,34.4]
],
"population": [
[2008,1093],
[2009,1297],
[2010,1371],
[2011,1462],
[2012,1329]
],
 "minority": [
[2008,42.0],
[2009,47.3],
[2010,48.1],
[2011,49.5],
[2012,50.2]
]
},
{
"name":"East Cary Middle",
"level":"M",
"fr":[
[2008,22.4],
[2009,22.5],
[2010,23.1],
[2011,26.8],
[2012,36.3]
],
"population": [
[2008,442],
[2009,842],
[2010,810],
[2011,725],
[2012,727]
],
 "minority": [
[2008,45.7],
[2009,44.8],
[2010,46.8],
[2011,46.2],
[2012,52.0]
]
},
{
"name":"East Garner Middle",
"level":"M",
"fr":[
[2008,50.4],
[2009,50.9],
[2010,55.0],
[2011,56.5],
[2012,56.7]
],
"population": [
[2008,1116],
[2009,1129],
[2010,1157],
[2011,1298],
[2012,1248]
],
 "minority": [
[2008,76.5],
[2009,75.7],
[2010,77.6],
[2011,77.1],
[2012,76.2]
]
},
{
"name":"East Millbrook Middle",
"level":"M",
"fr":[
[2008,43.8],
[2009,49.1],
[2010,55.9],
[2011,60.4],
[2012,61.7]
],
"population": [
[2008,1128],
[2009,1214],
[2010,1163],
[2011,1211],
[2012,1085]
],
 "minority": [
[2008,76.6],
[2009,78.7],
[2010,80.7],
[2011,82.4],
[2012,83.3]
]
},
{
"name":"East Wake Middle",
"level":"M",
"fr":[
[2008,49.6],
[2009,53.9],
[2010,58.9],
[2011,59.6],
[2012,66.2]
],
"population": [
[2008,1035],
[2009,970],
[2010,970],
[2011,972],
[2012,981]
],
 "minority": [
[2008,69.5],
[2009,70.6],
[2010,73.5],
[2011,78.4],
[2012,81.9]
]
},
{
"name":"Fuquay-Varina Middle ",
"level":"M",
"fr":[
[2008,34.3],
[2009,38.1],
[2010,39.3],
[2011,43.6],
[2012,48.2]
],
"population": [
[2008,938],
[2009,983],
[2010,894],
[2011,923],
[2012,872]
],
 "minority": [
[2008,41.0],
[2009,44.9],
[2010,45.0],
[2011,43.9],
[2012,49.1]
]
},
{
"name":"Heritage Middle",
"level":"M",
"fr":[
[2008,20.0],
[2009,21.6],
[2010,18.2],
[2011,18.6],
[2012,17.2]
],
"population": [
[2008,1288],
[2009,1257],
[2010,1392],
[2011,1495],
[2012,1405]
],
 "minority": [
[2008,35.7],
[2009,32.8],
[2010,31.8],
[2011,33.6],
[2012,32.0]
]
},
{
"name":"Holly Ridge Middle",
"level":"M",
"fr":[
[2008,25.5],
[2009,26.9],
[2010,27.4],
[2011,28.4],
[2012,26.6]
],
"population": [
[2008,1241],
[2009,1218],
[2010,1017],
[2011,1041],
[2012,1101]
],
 "minority": [
[2008,37.5],
[2009,37.8],
[2010,40.2],
[2011,38.8],
[2012,35.2]
]
},
{
"name":"Leesville Road Middle",
"level":"M",
"fr":[
[2008,25.4],
[2009,27.9],
[2010,32.9],
[2011,30.3],
[2012,25.9]
],
"population": [
[2008,1281],
[2009,1252],
[2010,1344],
[2011,1180],
[2012,1166]
],
 "minority": [
[2008,47.2],
[2009,47.7],
[2010,50.2],
[2011,45.5],
[2012,43.7]
]
},
{
"name":"Ligon Middle",
"level":"M",
"fr":[
[2008,27.7],
[2009,32.4],
[2010,32.9],
[2011,29.0],
[2012,30.2]
],
"population": [
[2008,1095],
[2009,1077],
[2010,1099],
[2011,1096],
[2012,1157]
],
 "minority": [
[2008,61.1],
[2009,60.8],
[2010,57.3],
[2011,51.1],
[2012,54.3]
]
},
{
"name":"Lufkin Road Middle",
"level":"M",
"fr":[
[2008,9.1],
[2009,12.3],
[2010,14.8],
[2011,15.2],
[2012,12.1]
],
"population": [
[2008,1141],
[2009,1187],
[2010,1044],
[2011,1019],
[2012,931]
],
 "minority": [
[2008,24.9],
[2009,26.8],
[2010,28.4],
[2011,28.6],
[2012,25.8]
]
},
{
"name":"Martin Middle",
"level":"M",
"fr":[
[2008,24.1],
[2009,28.9],
[2010,28.9],
[2011,30.4],
[2012,25.0]
],
"population": [
[2008,1038],
[2009,1059],
[2010,1020],
[2011,1056],
[2012,1016]
],
 "minority": [
[2008,39.3],
[2009,44.3],
[2010,44.8],
[2011,46.4],
[2012,40.0]
]
},
{
"name":"Moore Square Middle",
"level":"M",
"fr":[
[2008,38.8],
[2009,46.7],
[2010,49.0],
[2011,51.9],
[2012,57.2]
],
"population": [
[2008,477],
[2009,468],
[2010,506],
[2011,507],
[2012,514]
],
 "minority": [
[2008,63.7],
[2009,65.8],
[2010,67.6],
[2011,67.7],
[2012,75.5]
]
},
{
"name":"North Garner Middle",
"level":"M",
"fr":[
[2008,39.4],
[2009,43.1],
[2010,45.3],
[2011,46.4],
[2012,51.3]
],
"population": [
[2008,1130],
[2009,1258],
[2010,1076],
[2011,984],
[2012,1030]
],
 "minority": [
[2008,56.6],
[2009,56.4],
[2010,57.1],
[2011,58.3],
[2012,64.9]
]
},
{
"name":"Reedy Creek Middle",
"level":"M",
"fr":[
[2008,40.9],
[2009,40.8],
[2010,41.7],
[2011,47.1],
[2012,48.3]
],
"population": [
[2008,831],
[2009,819],
[2010,888],
[2011,1009],
[2012,904]
],
 "minority": [
[2008,56.9],
[2009,52.7],
[2010,54.3],
[2011,57.1],
[2012,58.5]
]
},
{
"name":"Salem Middle",
"level":"M",
"fr":[
[2008,5.3],
[2009,8.4],
[2010,15.9],
[2011,16.4],
[2012,15.5]
],
"population": [
[2008,1232],
[2009,1319],
[2010,1096],
[2011,1119],
[2012,1217]
],
 "minority": [
[2008,25.4],
[2009,28.9],
[2010,38.4],
[2011,39.4],
[2012,36.0]
]
},
{
"name":"Wake Forest-Rolesville Middle",
"level":"M",
"fr":[
[2008,33.5],
[2009,38.0],
[2010,40.1],
[2011,42.8],
[2012,39.0]
],
"population": [
[2008,1140],
[2009,1155],
[2010,1151],
[2011,1101],
[2012,1092]
],
 "minority": [
[2008,50.1],
[2009,51.6],
[2010,55.6],
[2011,56.5],
[2012,53.6]
]
},
{
"name":"Wakefield Middle",
"level":"M",
"fr":[
[2008,16.0],
[2009,18.6],
[2010,22.1],
[2011,24.3],
[2012,26.0]
],
"population": [
[2008,1322],
[2009,1191],
[2010,1201],
[2011,1176],
[2012,1251]
],
 "minority": [
[2008,33.8],
[2009,34.9],
[2010,39.0],
[2011,41.2],
[2012,46.5]
]
},
{
"name":"Wendell Middle",
"level":"M",
"fr":[
[2008,51.3],
[2009,52.5],
[2010,54.7],
[2011,55.4],
[2012,60.3]
],
"population": [
[2008,419],
[2009,856],
[2010,945],
[2011,1082],
[2012,965]
],
 "minority": [
[2008,63.0],
[2009,64.3],
[2010,64.7],
[2011,65.1],
[2012,66.9]
]
},
{
"name":"West Cary Middle",
"level":"M",
"fr":[
[2008,22.7],
[2009,25.8],
[2010,22.5],
[2011,24.7],
[2012,25.1]
],
"population": [
[2008,1139],
[2009,1049],
[2010,702],
[2011,718],
[2012,937]
],
 "minority": [
[2008,52.9],
[2009,52.8],
[2010,48.7],
[2011,51.7],
[2012,55.3]
]
},
{
"name":"West Lake Middle",
"level":"M",
"fr":[
[2008,19.7],
[2009,25.1],
[2010,21.3],
[2011,21.1],
[2012,22.4]
],
"population": [
[2008,1420],
[2009,1448],
[2010,1251],
[2011,1270],
[2012,1338]
],
 "minority": [
[2008,32.0],
[2009,35.8],
[2010,34.8],
[2011,32.2],
[2012,31.5]
]
},
{
"name":"West Millbrook Middle",
"level":"M",
"fr":[
[2008,41.7],
[2009,36.7],
[2010,38.7],
[2011,39.7],
[2012,42.2]
],
"population": [
[2008,905],
[2009,879],
[2010,966],
[2011,984],
[2012,966]
],
 "minority": [
[2008,56.2],
[2009,46.8],
[2010,48.1],
[2011,50.5],
[2012,52.0]
]
},
{
"name":"Zebulon Middle",
"level":"M",
"fr":[
[2008,49.1],
[2009,55.9],
[2010,59.8],
[2011,58.6],
[2012,61.6]
],
"population": [
[2008,852],
[2009,564],
[2010,577],
[2011,582],
[2012,623]
],
 "minority": [
[2008,62.1],
[2009,59.4],
[2010,66.4],
[2011,64.4],
[2012,66.9]
]
},
{
"name":"Apex High",
"level":"S",
"fr":[
[2008,8.0],
[2009,9.1],
[2010,9.4],
[2011,10.4],
[2012,8.9]
],
"population": [
[2008,2201],
[2009,2269],
[2010,2341],
[2011,2367],
[2012,2587]
],
 "minority": [
[2008,21.5],
[2009,21.4],
[2010,25.5],
[2011,26.3],
[2012,25.0]
]
},
{
"name":"Athens Drive High ",
"level":"S",
"fr":[
[2008,26.2],
[2009,30.0],
[2010,29.8],
[2011,30.8],
[2012,32.1]
],
"population": [
[2008,1824],
[2009,1830],
[2010,1927],
[2011,1975],
[2012,1989]
],
 "minority": [
[2008,46.1],
[2009,45.2],
[2010,47.0],
[2011,47.3],
[2012,48.5]
]
},
{
"name":"Broughton High",
"level":"S",
"fr":[
[2008,21.7],
[2009,27.2],
[2010,30.1],
[2011,31.3],
[2012,34.2]
],
"population": [
[2008,2249],
[2009,2269],
[2010,2174],
[2011,2161],
[2012,2167]
],
 "minority": [
[2008,43.4],
[2009,45.4],
[2010,48.4],
[2011,47.6],
[2012,50.9]
]
},
{
"name":"Cary High",
"level":"S",
"fr":[
[2008,23.4],
[2009,25.6],
[2010,28.9],
[2011,30.3],
[2012,33.1]
],
"population": [
[2008,1751],
[2009,2030],
[2010,2250],
[2011,2282],
[2012,2383]
],
 "minority": [
[2008,40.6],
[2009,41.8],
[2010,45.3],
[2011,46.8],
[2012,48.3]
]
},
{
"name":"East Wake High School of Health Science",
"level":"S",
"fr":[
[2008,35.5],
[2009,41.3],
[2010,44.7],
[2011,46.5],
[2012,46.6]
],
"population": [
[2008,408],
[2009,374],
[2010,369],
[2011,376],
[2012,382]
],
 "minority": [
[2008,52.0],
[2009,56.4],
[2010,57.7],
[2011,60.9],
[2012,56.5]
]
},
{
"name":"East Wake School of Arts, Education and Global Studies",
"level":"S",
"fr":[
[2008,44.0],
[2009,48.7],
[2010,51.9],
[2011,53.4],
[2012,55.0]
],
"population": [
[2008,423],
[2009,404],
[2010,401],
[2011,380],
[2012,387]
],
 "minority": [
[2008,62.2],
[2009,61.1],
[2010,63.6],
[2011,61.1],
[2012,63.0]
]
},
{
"name":"East Wake School of Engineering Systems",
"level":"S",
"fr":[
[2008,36.7],
[2009,43.8],
[2010,40.9],
[2011,41.9],
[2012,45.0]
],
"population": [
[2008,373],
[2009,389],
[2010,374],
[2011,375],
[2012,373]
],
 "minority": [
[2008,55.2],
[2009,53.7],
[2010,49.7],
[2011,52.3],
[2012,52.5]
]
},
{
"name":"East Wake School of Integrated Technology",
"level":"S",
"fr":[
[2008,44.2],
[2009,49.9],
[2010,59.5],
[2011,58.9],
[2012,56.7]
],
"population": [
[2008,369],
[2009,358],
[2010,326],
[2011,321],
[2012,326]
],
 "minority": [
[2008,72.1],
[2009,72.9],
[2010,75.5],
[2011,73.8],
[2012,75.2]
]
},
{
"name":"Enloe High",
"level":"S",
"fr":[
[2008,21.2],
[2009,28.2],
[2010,32.8],
[2011,33.7],
[2012,34.6]
],
"population": [
[2008,2643],
[2009,2657],
[2010,2669],
[2011,2630],
[2012,2673]
],
 "minority": [
[2008,56.3],
[2009,60.1],
[2010,65.6],
[2011,69.0],
[2012,70.4]
]
},
{
"name":"Fuquay-Varina High ",
"level":"S",
"fr":[
[2008,20.3],
[2009,25.6],
[2010,24.6],
[2011,27.4],
[2012,29.4]
],
"population": [
[2008,1843],
[2009,1921],
[2010,1968],
[2011,2026],
[2012,1917]
],
 "minority": [
[2008,31.9],
[2009,34.5],
[2010,37.2],
[2011,39.3],
[2012,38.2]
]
},
{
"name":"Garner High ",
"level":"S",
"fr":[
[2008,35.5],
[2009,38.6],
[2010,37.7],
[2011,40.7],
[2012,43.5]
],
"population": [
[2008,2317],
[2009,2311],
[2010,2297],
[2011,2312],
[2012,2400]
],
 "minority": [
[2008,63.8],
[2009,63.3],
[2010,62.3],
[2011,60.7],
[2012,61.5]
]
},
{
"name":"Green Hope High",
"level":"S",
"fr":[
[2008,5.3],
[2009,6.0],
[2010,6.2],
[2011,4.7],
[2012,5.8]
],
"population": [
[2008,2006],
[2009,1979],
[2010,2029],
[2011,2047],
[2012,2219]
],
 "minority": [
[2008,28.4],
[2009,29.7],
[2010,32.1],
[2011,31.8],
[2012,33.6]
]
},
{
"name":"Holly Springs High",
"level":"S",
"fr":[
[2008,16.9],
[2009,19.3],
[2010,20.0],
[2011,19.1],
[2012,19.5]
],
"population": [
[2008,1671],
[2009,1808],
[2010,2000],
[2011,2106],
[2012,2232]
],
 "minority": [
[2008,36.1],
[2009,34.6],
[2010,36.4],
[2011,35.1],
[2012,34.6]
]
},
{
"name":"Knightdale High",
"level":"S",
"fr":[
[2008,33.5],
[2009,40.0],
[2010,40.4],
[2011,47.1],
[2012,53.6]
],
"population": [
[2008,1807],
[2009,1939],
[2010,1763],
[2011,1717],
[2012,1712]
],
 "minority": [
[2008,67.5],
[2009,69.5],
[2010,71.5],
[2011,72.4],
[2012,75.2]
]
},
{
"name":"Leesville Road High",
"level":"S",
"fr":[
[2008,15.1],
[2009,18.4],
[2010,18.1],
[2011,17.3],
[2012,18.0]
],
"population": [
[2008,2502],
[2009,2501],
[2010,2408],
[2011,2181],
[2012,2317]
],
 "minority": [
[2008,35.3],
[2009,36.3],
[2010,40.3],
[2011,37.2],
[2012,38.3]
]
},
{
"name":"Middle Creek High",
"level":"S",
"fr":[
[2008,22.4],
[2009,26.5],
[2010,30.3],
[2011,28.9],
[2012,26.2]
],
"population": [
[2008,1697],
[2009,1754],
[2010,1814],
[2011,1859],
[2012,1984]
],
 "minority": [
[2008,39.4],
[2009,42.9],
[2010,47.5],
[2011,46.1],
[2012,41.3]
]
},
{
"name":"Millbrook High ",
"level":"S",
"fr":[
[2008,30.1],
[2009,34.3],
[2010,31.6],
[2011,31.9],
[2012,31.5]
],
"population": [
[2008,2417],
[2009,2432],
[2010,2443],
[2011,2615],
[2012,2580]
],
 "minority": [
[2008,59.0],
[2009,57.3],
[2010,56.3],
[2011,54.3],
[2012,53.5]
]
},
{
"name":"Panther Creek High ",
"level":"S",
"fr":[
[2008,7.4],
[2009,11.6],
[2010,10.8],
[2011,10.2],
[2012,11.3]
],
"population": [
[2008,2194],
[2009,2239],
[2010,2348],
[2011,2455],
[2012,2341]
],
 "minority": [
[2008,38.6],
[2009,40.4],
[2010,44.0],
[2011,43.3],
[2012,45.0]
]
},
{
"name":"Sanderson High",
"level":"S",
"fr":[
[2008,26.2],
[2009,30.7],
[2010,27.2],
[2011,31.6],
[2012,31.7]
],
"population": [
[2008,1946],
[2009,1988],
[2010,1905],
[2011,2016],
[2012,2089]
],
 "minority": [
[2008,46.1],
[2009,47.3],
[2010,44.8],
[2011,46.6],
[2012,47.3]
]
},
{
"name":"Southeast Raleigh High",
"level":"S",
"fr":[
[2008,29.0],
[2009,38.6],
[2010,40.2],
[2011,49.6],
[2012,52.4]
],
"population": [
[2008,1637],
[2009,1565],
[2010,1663],
[2011,1720],
[2012,1575]
],
 "minority": [
[2008,78.0],
[2009,82.4],
[2010,86.2],
[2011,89.5],
[2012,90.7]
]
},
{
"name":"Wake Early College of Health and Sciences High",
"level":"S",
"fr":[
[2008,19.1],
[2009,28.8],
[2010,29.5],
[2011,29.1],
[2012,33.0]
],
"population": [
[2008,204],
[2009,215],
[2010,237],
[2011,254],
[2012,267]
],
 "minority": [
[2008,57.4],
[2009,56.7],
[2010,62.4],
[2011,65.7],
[2012,69.7]
]
},
{
"name":"Wake Forest-Rolesville High",
"level":"S",
"fr":[
[2008,15.8],
[2009,21.0],
[2010,25.0],
[2011,25.6],
[2012,25.6]
],
"population": [
[2008,1872],
[2009,1949],
[2010,2077],
[2011,2119],
[2012,1977]
],
 "minority": [
[2008,31.6],
[2009,32.3],
[2010,39.2],
[2011,40.9],
[2012,39.5]
]
},
{
"name":"Wakefield High",
"level":"S",
"fr":[
[2008,19.6],
[2009,22.1],
[2010,27.1],
[2011,30.1],
[2012,31.8]
],
"population": [
[2008,2721],
[2009,2813],
[2010,2573],
[2011,2460],
[2012,2529]
],
 "minority": [
[2008,43.6],
[2009,44.2],
[2010,50.6],
[2011,53.2],
[2012,53.8]
]
},
{
"name":"Longview School",
"level":"S/O",
"fr":[
[2008,71.0],
[2009,79.2],
[2010,83.3],
[2011,78.7],
[2012,81.3]
],
"population": [
[2008,107],
[2009,102],
[2010,114],
[2011,108],
[2012,80]
],
 "minority": [
[2008,87.9],
[2009,92.2],
[2010,91.2],
[2011,90.7],
[2012,85.0]
]
},
{
"name":"Mary E. Phillips High School",
"level":"S/O",
"fr":[
[2008,58.6],
[2009,61.9],
[2010,72.3],
[2011,73.1],
[2012,72.9]
],
"population": [
[2008,145],
[2009,166],
[2010,166],
[2011,171],
[2012,207]
],
 "minority": [
[2008,95.2],
[2009,96.4],
[2010,95.2],
[2011,95.3],
[2012,95.7]
]
},
{
"name":"Mount Vernon School",
"level":"S/O ",
"fr":[
[2008,67.8],
[2009,42.0],
[2010,72.6],
[2011,75.5],
[2012,74.1]
],
"population": [
[2008,87],
[2009,79],
[2010,95],
[2011,94],
[2012,81]
],
 "minority": [
[2008,74.7],
[2009,75.9],
[2010,76.8],
[2011,67.0],
[2012,77.8]
]
},
{
"name":"River Oaks Middle School",
"level":"S/O",
"fr":[
[2008,81.8],
[2009,54.8],
[2010,75.0],
[2011,78.0],
[2012,82.5]
],
"population": [
[2008,11],
[2009,28],
[2010,36],
[2011,41],
[2012,40]
],
 "minority": [
[2008,81.8],
[2009,67.9],
[2010,75.0],
[2011,85.4],
[2012,77.5]
]
}
]